<?xml version="1.0" encoding="UTF-8"?>

<Organization xmlns="http://hl7.org/fhir">
  <id value="org-hmo"/>
  <meta>
    <profile value="https://dhin.org/2025Connectathon/StructureDefinition/ng-imm-organization"/>
  </meta>
  <text>
    <status value="generated"/><div xmlns="http://www.w3.org/1999/xhtml"><p class="res-header-id"><b>Generated Narrative: Organization org-hmo</b></p><a name="org-hmo"> </a><a name="hcorg-hmo"> </a><div style="display: inline-block; background-color: #d9e0e7; padding: 6px; margin: 4px; border: 1px solid #8da1b4; border-radius: 5px; line-height: 60%"><p style="margin-bottom: 0px"/><p style="margin-bottom: 0px">Profile: <a href="StructureDefinition-ng-imm-organization.html">NG Organization</a></p></div><p><b>identifier</b>: <code>https://nhia.gov.ng</code>/HMO123</p><p><b>active</b>: true</p><p><b>type</b>: <span title="Codes:">tertiary</span></p><p><b>name</b>: TrustHMO</p><p><b>address</b>: 15 surulere street Garki FCT </p></div>
  </text>
  <identifier>
    <system value="https://nhia.gov.ng"/>
    <value value="HMO123"/>
  </identifier>
  <active value="true"/>
  <type>
    <coding>
      <code value="tertiary"/>
    </coding>
  </type>
  <name value="TrustHMO"/>
  <address>
    <line value="15 surulere street"/>
    <city value="Garki"/>
    <district value="amac"/>
    <state value="FCT"/>
  </address>
</Organization>