<?xml version="1.0" encoding="UTF-8"?>

<Organization xmlns="http://hl7.org/fhir">
  <id value="org-insurer-2"/>
  <meta>
    <profile value="https://dhin.org/2025Connectathon/StructureDefinition/ng-imm-organization"/>
  </meta>
  <text>
    <status value="generated"/><div xmlns="http://www.w3.org/1999/xhtml"><p class="res-header-id"><b>Generated Narrative: Organization org-insurer-2</b></p><a name="org-insurer-2"> </a><a name="hcorg-insurer-2"> </a><div style="display: inline-block; background-color: #d9e0e7; padding: 6px; margin: 4px; border: 1px solid #8da1b4; border-radius: 5px; line-height: 60%"><p style="margin-bottom: 0px"/><p style="margin-bottom: 0px">Profile: <a href="StructureDefinition-ng-imm-organization.html">NG Organization</a></p></div><p><b>identifier</b>: <code>https://nhia.gov.ng</code>/INS789</p><p><b>type</b>: <span title="Codes:">ins</span></p><p><b>name</b>: SecureHealth Insurance Ltd</p><p><b>address</b>: Plot 7 Abuja Crescent Maitama FCT </p></div>
  </text>
  <identifier>
    <system value="https://nhia.gov.ng"/>
    <value value="INS789"/>
  </identifier>
  <type>
    <coding>
      <code value="ins"/>
    </coding>
  </type>
  <name value="SecureHealth Insurance Ltd"/>
  <address>
    <line value="Plot 7 Abuja Crescent"/>
    <city value="Maitama"/>
    <district value="bwari"/>
    <state value="FCT"/>
  </address>
</Organization>