<?xml version="1.0" encoding="UTF-8"?>

<Task xmlns="http://hl7.org/fhir">
  <id value="task-claim-review"/>
  <meta>
    <profile value="https://dhin.org/2025Connectathon/StructureDefinition/ng-claim-task"/>
  </meta>
  <text>
    <status value="generated"/><div xmlns="http://www.w3.org/1999/xhtml"><p class="res-header-id"><b>Generated Narrative: Task task-claim-review</b></p><a name="task-claim-review"> </a><a name="hctask-claim-review"> </a><div style="display: inline-block; background-color: #d9e0e7; padding: 6px; margin: 4px; border: 1px solid #8da1b4; border-radius: 5px; line-height: 60%"><p style="margin-bottom: 0px"/><p style="margin-bottom: 0px">Profile: <a href="StructureDefinition-ng-claim-task.html">NG-Claim Task</a></p></div><p><b>status</b>: Requested</p><p><b>intent</b>: order</p><p><b>code</b>: <span title="Codes:">Review Claim</span></p><p><b>description</b>: Please review this claim for adjudication</p><p><b>for</b>: <a href="Bundle-HMOToInsurerBundleExample.html#urn-uuid-claim-002">Bundle: type = collection; timestamp = 2025-08-01 09:00:00+0100</a></p><p><b>requester</b>: <a href="Bundle-HMOToInsurerBundleExample.html#urn-uuid-org-hmo">Bundle: type = collection; timestamp = 2025-08-01 09:00:00+0100</a></p></div>
  </text>
  <status value="requested"/>
  <intent value="order"/>
  <code>
    <text value="Review Claim"/>
  </code>
  <description value="Please review this claim for adjudication"/>
  <for>
    <reference value="urn:uuid:claim-002"/>
  </for>
  <requester>
    <reference value="urn:uuid:org-hmo"/>
  </requester>
</Task>