<?xml version="1.0" encoding="UTF-8"?><ImplementationGuide xmlns="http://hl7.org/fhir"><id value="2025connectathonClaims"/><text><status value="generated"/><div xmlns="http://www.w3.org/1999/xhtml"><p class="res-header-id"><b>Generated Narrative: ImplementationGuide 2025connectathonClaims</b></p><a name="2025connectathonClaims"> </a><a name="hc2025connectathonClaims"> </a><h2>DHIN2025connectathonclaims</h2><p>The official URL for this implementation guide is: </p><pre>https://dhin.org/2025Connectathon/ImplementationGuide/2025connectathonClaims</pre><div><p>Implementation Guide for testing Claims</p>
</div></div></text><url value="https://dhin.org/2025Connectathon/ImplementationGuide/2025connectathonClaims"/><version value="0.1.0"/><name value="DHIN2025connectathonclaims"/><title value="DHIN 2025 connectathon claims testing"/><status value="draft"/><date value="2025-08-02T14:19:18+01:00"/><publisher value="https://www.dhin-hie.org"/><contact><name value="https://www.dhin-hie.org"/><telecom><system value="url"/><value value="https://www.dhin-hie.org/IGs"/></telecom><telecom><system value="email"/><value value="info@dhin-hie.org"/></telecom></contact><contact><name value="Digital Health Interoperability Network (DHIN)."/><telecom><system value="email"/><value value="info@dhin-hie.org"/><use value="work"/></telecom></contact><description value="Implementation Guide for testing Claims"/><jurisdiction><coding><system value="urn:iso:std:iso:3166"/><code value="NG"/><display value="Nigeria"/></coding></jurisdiction><packageId value="2025connectathonClaims"/><license value="CC0-1.0"/><fhirVersion value="4.0.1"/><dependsOn id="hl7tx"><extension url="http://hl7.org/fhir/tools/StructureDefinition/implementationguide-dependency-comment"><valueMarkdown value="Automatically added as a dependency - all IGs depend on HL7 Terminology"/></extension><uri value="http://terminology.hl7.org/ImplementationGuide/hl7.terminology"/><packageId value="hl7.terminology.r4"/><version value="6.5.0"/></dependsOn><dependsOn id="hl7ext"><extension url="http://hl7.org/fhir/tools/StructureDefinition/implementationguide-dependency-comment"><valueMarkdown value="Automatically added as a dependency - all IGs depend on the HL7 Extension Pack"/></extension><uri value="http://hl7.org/fhir/extensions/ImplementationGuide/hl7.fhir.uv.extensions"/><packageId value="hl7.fhir.uv.extensions.r4"/><version value="5.3.0-ballot-tc"/></dependsOn><definition><extension url="http://hl7.org/fhir/tools/StructureDefinition/ig-parameter"><extension url="code"><valueString value="copyrightyear"/></extension><extension url="value"><valueString value="2025+"/></extension></extension><extension url="http://hl7.org/fhir/tools/StructureDefinition/ig-parameter"><extension url="code"><valueString value="releaselabel"/></extension><extension url="value"><valueString value="draft"/></extension></extension><extension url="http://hl7.org/fhir/tools/StructureDefinition/ig-parameter"><extension url="code"><valueString value="autoload-resources"/></extension><extension url="value"><valueString value="true"/></extension></extension><extension url="http://hl7.org/fhir/tools/StructureDefinition/ig-parameter"><extension url="code"><valueString value="path-liquid"/></extension><extension url="value"><valueString value="template/liquid"/></extension></extension><extension url="http://hl7.org/fhir/tools/StructureDefinition/ig-parameter"><extension url="code"><valueString value="path-liquid"/></extension><extension url="value"><valueString value="input/liquid"/></extension></extension><extension url="http://hl7.org/fhir/tools/StructureDefinition/ig-parameter"><extension url="code"><valueString value="path-qa"/></extension><extension url="value"><valueString value="temp/qa"/></extension></extension><extension url="http://hl7.org/fhir/tools/StructureDefinition/ig-parameter"><extension url="code"><valueString value="path-temp"/></extension><extension url="value"><valueString value="temp/pages"/></extension></extension><extension url="http://hl7.org/fhir/tools/StructureDefinition/ig-parameter"><extension url="code"><valueString value="path-output"/></extension><extension url="value"><valueString value="output"/></extension></extension><extension url="http://hl7.org/fhir/tools/StructureDefinition/ig-parameter"><extension url="code"><valueString value="path-suppressed-warnings"/></extension><extension url="value"><valueString value="input/ignoreWarnings.txt"/></extension></extension><extension url="http://hl7.org/fhir/tools/StructureDefinition/ig-parameter"><extension url="code"><valueString value="path-history"/></extension><extension url="value"><valueString value="https://dhin.org/2025Connectathon/history.html"/></extension></extension><extension url="http://hl7.org/fhir/tools/StructureDefinition/ig-parameter"><extension url="code"><valueString value="template-html"/></extension><extension url="value"><valueString value="template-page.html"/></extension></extension><extension url="http://hl7.org/fhir/tools/StructureDefinition/ig-parameter"><extension url="code"><valueString value="template-md"/></extension><extension url="value"><valueString value="template-page-md.html"/></extension></extension><extension url="http://hl7.org/fhir/tools/StructureDefinition/ig-parameter"><extension url="code"><valueString value="apply-contact"/></extension><extension url="value"><valueString value="true"/></extension></extension><extension url="http://hl7.org/fhir/tools/StructureDefinition/ig-parameter"><extension url="code"><valueString value="apply-context"/></extension><extension url="value"><valueString value="true"/></extension></extension><extension url="http://hl7.org/fhir/tools/StructureDefinition/ig-parameter"><extension url="code"><valueString value="apply-copyright"/></extension><extension url="value"><valueString value="true"/></extension></extension><extension url="http://hl7.org/fhir/tools/StructureDefinition/ig-parameter"><extension url="code"><valueString value="apply-jurisdiction"/></extension><extension url="value"><valueString value="true"/></extension></extension><extension url="http://hl7.org/fhir/tools/StructureDefinition/ig-parameter"><extension url="code"><valueString value="apply-license"/></extension><extension url="value"><valueString value="true"/></extension></extension><extension url="http://hl7.org/fhir/tools/StructureDefinition/ig-parameter"><extension url="code"><valueString value="apply-publisher"/></extension><extension url="value"><valueString value="true"/></extension></extension><extension url="http://hl7.org/fhir/tools/StructureDefinition/ig-parameter"><extension url="code"><valueString value="apply-version"/></extension><extension url="value"><valueString value="true"/></extension></extension><extension url="http://hl7.org/fhir/tools/StructureDefinition/ig-parameter"><extension url="code"><valueString value="apply-wg"/></extension><extension url="value"><valueString value="true"/></extension></extension><extension url="http://hl7.org/fhir/tools/StructureDefinition/ig-parameter"><extension url="code"><valueString value="active-tables"/></extension><extension url="value"><valueString value="true"/></extension></extension><extension url="http://hl7.org/fhir/tools/StructureDefinition/ig-parameter"><extension url="code"><valueString value="fmm-definition"/></extension><extension url="value"><valueString value="http://hl7.org/fhir/versions.html#maturity"/></extension></extension><extension url="http://hl7.org/fhir/tools/StructureDefinition/ig-parameter"><extension url="code"><valueString value="propagate-status"/></extension><extension url="value"><valueString value="true"/></extension></extension><extension url="http://hl7.org/fhir/tools/StructureDefinition/ig-parameter"><extension url="code"><valueString value="excludelogbinaryformat"/></extension><extension url="value"><valueString value="true"/></extension></extension><extension url="http://hl7.org/fhir/tools/StructureDefinition/ig-parameter"><extension url="code"><valueString value="tabbed-snapshots"/></extension><extension url="value"><valueString value="true"/></extension></extension><extension url="http://hl7.org/fhir/tools/StructureDefinition/ig-internal-dependency"><valueCode value="hl7.fhir.uv.tools.r4#0.7.1"/></extension><extension url="http://hl7.org/fhir/tools/StructureDefinition/ig-parameter"><extension url="code"><valueCode value="copyrightyear"/></extension><extension url="value"><valueString value="2025+"/></extension></extension><extension url="http://hl7.org/fhir/tools/StructureDefinition/ig-parameter"><extension url="code"><valueCode value="releaselabel"/></extension><extension url="value"><valueString value="draft"/></extension></extension><extension url="http://hl7.org/fhir/tools/StructureDefinition/ig-parameter"><extension url="code"><valueCode value="autoload-resources"/></extension><extension url="value"><valueString value="true"/></extension></extension><extension url="http://hl7.org/fhir/tools/StructureDefinition/ig-parameter"><extension url="code"><valueCode value="path-liquid"/></extension><extension url="value"><valueString value="template/liquid"/></extension></extension><extension url="http://hl7.org/fhir/tools/StructureDefinition/ig-parameter"><extension url="code"><valueCode value="path-liquid"/></extension><extension url="value"><valueString value="input/liquid"/></extension></extension><extension url="http://hl7.org/fhir/tools/StructureDefinition/ig-parameter"><extension url="code"><valueCode value="path-qa"/></extension><extension url="value"><valueString value="temp/qa"/></extension></extension><extension url="http://hl7.org/fhir/tools/StructureDefinition/ig-parameter"><extension url="code"><valueCode value="path-temp"/></extension><extension url="value"><valueString value="temp/pages"/></extension></extension><extension url="http://hl7.org/fhir/tools/StructureDefinition/ig-parameter"><extension url="code"><valueCode value="path-output"/></extension><extension url="value"><valueString value="output"/></extension></extension><extension url="http://hl7.org/fhir/tools/StructureDefinition/ig-parameter"><extension url="code"><valueCode value="path-suppressed-warnings"/></extension><extension url="value"><valueString value="input/ignoreWarnings.txt"/></extension></extension><extension url="http://hl7.org/fhir/tools/StructureDefinition/ig-parameter"><extension url="code"><valueCode value="path-history"/></extension><extension url="value"><valueString value="https://dhin.org/2025Connectathon/history.html"/></extension></extension><extension url="http://hl7.org/fhir/tools/StructureDefinition/ig-parameter"><extension url="code"><valueCode value="template-html"/></extension><extension url="value"><valueString value="template-page.html"/></extension></extension><extension url="http://hl7.org/fhir/tools/StructureDefinition/ig-parameter"><extension url="code"><valueCode value="template-md"/></extension><extension url="value"><valueString value="template-page-md.html"/></extension></extension><extension url="http://hl7.org/fhir/tools/StructureDefinition/ig-parameter"><extension url="code"><valueCode value="apply-contact"/></extension><extension url="value"><valueString value="true"/></extension></extension><extension url="http://hl7.org/fhir/tools/StructureDefinition/ig-parameter"><extension url="code"><valueCode value="apply-context"/></extension><extension url="value"><valueString value="true"/></extension></extension><extension url="http://hl7.org/fhir/tools/StructureDefinition/ig-parameter"><extension url="code"><valueCode value="apply-copyright"/></extension><extension url="value"><valueString value="true"/></extension></extension><extension url="http://hl7.org/fhir/tools/StructureDefinition/ig-parameter"><extension url="code"><valueCode value="apply-jurisdiction"/></extension><extension url="value"><valueString value="true"/></extension></extension><extension url="http://hl7.org/fhir/tools/StructureDefinition/ig-parameter"><extension url="code"><valueCode value="apply-license"/></extension><extension url="value"><valueString value="true"/></extension></extension><extension url="http://hl7.org/fhir/tools/StructureDefinition/ig-parameter"><extension url="code"><valueCode value="apply-publisher"/></extension><extension url="value"><valueString value="true"/></extension></extension><extension url="http://hl7.org/fhir/tools/StructureDefinition/ig-parameter"><extension url="code"><valueCode value="apply-version"/></extension><extension url="value"><valueString value="true"/></extension></extension><extension url="http://hl7.org/fhir/tools/StructureDefinition/ig-parameter"><extension url="code"><valueCode value="apply-wg"/></extension><extension url="value"><valueString value="true"/></extension></extension><extension url="http://hl7.org/fhir/tools/StructureDefinition/ig-parameter"><extension url="code"><valueCode value="active-tables"/></extension><extension url="value"><valueString value="true"/></extension></extension><extension url="http://hl7.org/fhir/tools/StructureDefinition/ig-parameter"><extension url="code"><valueCode value="fmm-definition"/></extension><extension url="value"><valueString value="http://hl7.org/fhir/versions.html#maturity"/></extension></extension><extension url="http://hl7.org/fhir/tools/StructureDefinition/ig-parameter"><extension url="code"><valueCode value="propagate-status"/></extension><extension url="value"><valueString value="true"/></extension></extension><extension url="http://hl7.org/fhir/tools/StructureDefinition/ig-parameter"><extension url="code"><valueCode value="excludelogbinaryformat"/></extension><extension url="value"><valueString value="true"/></extension></extension><extension url="http://hl7.org/fhir/tools/StructureDefinition/ig-parameter"><extension url="code"><valueCode value="tabbed-snapshots"/></extension><extension url="value"><valueString value="true"/></extension></extension><extension url="http://hl7.org/fhir/tools/StructureDefinition/ig-parameter"><extension url="code"><valueCode value="copyrightyear"/></extension><extension url="value"><valueString value="2025+"/></extension></extension><extension url="http://hl7.org/fhir/tools/StructureDefinition/ig-parameter"><extension url="code"><valueCode value="releaselabel"/></extension><extension url="value"><valueString value="draft"/></extension></extension><extension url="http://hl7.org/fhir/tools/StructureDefinition/ig-parameter"><extension url="code"><valueCode value="autoload-resources"/></extension><extension url="value"><valueString value="true"/></extension></extension><extension url="http://hl7.org/fhir/tools/StructureDefinition/ig-parameter"><extension url="code"><valueCode value="path-liquid"/></extension><extension url="value"><valueString value="template/liquid"/></extension></extension><extension url="http://hl7.org/fhir/tools/StructureDefinition/ig-parameter"><extension url="code"><valueCode value="path-liquid"/></extension><extension url="value"><valueString value="input/liquid"/></extension></extension><extension url="http://hl7.org/fhir/tools/StructureDefinition/ig-parameter"><extension url="code"><valueCode value="path-qa"/></extension><extension url="value"><valueString value="temp/qa"/></extension></extension><extension url="http://hl7.org/fhir/tools/StructureDefinition/ig-parameter"><extension url="code"><valueCode value="path-temp"/></extension><extension url="value"><valueString value="temp/pages"/></extension></extension><extension url="http://hl7.org/fhir/tools/StructureDefinition/ig-parameter"><extension url="code"><valueCode value="path-output"/></extension><extension url="value"><valueString value="output"/></extension></extension><extension url="http://hl7.org/fhir/tools/StructureDefinition/ig-parameter"><extension url="code"><valueCode value="path-suppressed-warnings"/></extension><extension url="value"><valueString value="input/ignoreWarnings.txt"/></extension></extension><extension url="http://hl7.org/fhir/tools/StructureDefinition/ig-parameter"><extension url="code"><valueCode value="path-history"/></extension><extension url="value"><valueString value="https://dhin.org/2025Connectathon/history.html"/></extension></extension><extension url="http://hl7.org/fhir/tools/StructureDefinition/ig-parameter"><extension url="code"><valueCode value="template-html"/></extension><extension url="value"><valueString value="template-page.html"/></extension></extension><extension url="http://hl7.org/fhir/tools/StructureDefinition/ig-parameter"><extension url="code"><valueCode value="template-md"/></extension><extension url="value"><valueString value="template-page-md.html"/></extension></extension><extension url="http://hl7.org/fhir/tools/StructureDefinition/ig-parameter"><extension url="code"><valueCode value="apply-contact"/></extension><extension url="value"><valueString value="true"/></extension></extension><extension url="http://hl7.org/fhir/tools/StructureDefinition/ig-parameter"><extension url="code"><valueCode value="apply-context"/></extension><extension url="value"><valueString value="true"/></extension></extension><extension url="http://hl7.org/fhir/tools/StructureDefinition/ig-parameter"><extension url="code"><valueCode value="apply-copyright"/></extension><extension url="value"><valueString value="true"/></extension></extension><extension url="http://hl7.org/fhir/tools/StructureDefinition/ig-parameter"><extension url="code"><valueCode value="apply-jurisdiction"/></extension><extension url="value"><valueString value="true"/></extension></extension><extension url="http://hl7.org/fhir/tools/StructureDefinition/ig-parameter"><extension url="code"><valueCode value="apply-license"/></extension><extension url="value"><valueString value="true"/></extension></extension><extension url="http://hl7.org/fhir/tools/StructureDefinition/ig-parameter"><extension url="code"><valueCode value="apply-publisher"/></extension><extension url="value"><valueString value="true"/></extension></extension><extension url="http://hl7.org/fhir/tools/StructureDefinition/ig-parameter"><extension url="code"><valueCode value="apply-version"/></extension><extension url="value"><valueString value="true"/></extension></extension><extension url="http://hl7.org/fhir/tools/StructureDefinition/ig-parameter"><extension url="code"><valueCode value="apply-wg"/></extension><extension url="value"><valueString value="true"/></extension></extension><extension url="http://hl7.org/fhir/tools/StructureDefinition/ig-parameter"><extension url="code"><valueCode value="active-tables"/></extension><extension url="value"><valueString value="true"/></extension></extension><extension url="http://hl7.org/fhir/tools/StructureDefinition/ig-parameter"><extension url="code"><valueCode value="fmm-definition"/></extension><extension url="value"><valueString value="http://hl7.org/fhir/versions.html#maturity"/></extension></extension><extension url="http://hl7.org/fhir/tools/StructureDefinition/ig-parameter"><extension url="code"><valueCode value="propagate-status"/></extension><extension url="value"><valueString value="true"/></extension></extension><extension url="http://hl7.org/fhir/tools/StructureDefinition/ig-parameter"><extension url="code"><valueCode value="excludelogbinaryformat"/></extension><extension url="value"><valueString value="true"/></extension></extension><extension url="http://hl7.org/fhir/tools/StructureDefinition/ig-parameter"><extension url="code"><valueCode value="tabbed-snapshots"/></extension><extension url="value"><valueString value="true"/></extension></extension><grouping id="-str-profile"><name value="Structures: Resource Profiles"/><description value="These define constraints on FHIR resources for systems conforming to this implementation guide."/></grouping><grouping id="-term-valueset"><name value="Terminology: Value Sets"/><description value="These define sets of codes used by systems conforming to this implementation guide."/></grouping><grouping id="-term-codesystem"><name value="Terminology: Code Systems"/><description value="These define new code systems used by systems conforming to this implementation guide."/></grouping><grouping id="-ex-example"><name value="Example: Example Instances"/><description value="These are example instances that show what data produced and consumed by systems conforming with this implementation guide might look like."/></grouping><resource><extension url="http://hl7.org/fhir/tools/StructureDefinition/resource-sort"><valueInteger value="999999999"/></extension><extension url="http://hl7.org/fhir/StructureDefinition/implementationguide-page"><valueUri value="StructureDefinition-ng-bundle-hospital-to-hmo.html"/></extension><reference><reference value="StructureDefinition/ng-bundle-hospital-to-hmo"/></reference><name value="1-NG-Bundle: Hospital to HMO (Claim Submission)"/><description value="Bundle used by a healthcare provider (hospital) to submit a claim to an HMO for services rendered."/><exampleBoolean value="false"/><groupingId value="-str-profile"/></resource><resource><extension url="http://hl7.org/fhir/tools/StructureDefinition/resource-sort"><valueInteger value="999999999"/></extension><extension url="http://hl7.org/fhir/StructureDefinition/implementationguide-page"><valueUri value="StructureDefinition-ng-bundle-hmo-to-insurer.html"/></extension><reference><reference value="StructureDefinition/ng-bundle-hmo-to-insurer"/></reference><name value="2-NG-Bundle: HMO to Insurer"/><description value="Bundle representing communication from HMO to Insurance Organization for claim adjudication or reporting."/><exampleBoolean value="false"/><groupingId value="-str-profile"/></resource><resource><extension url="http://hl7.org/fhir/tools/StructureDefinition/resource-sort"><valueInteger value="999999999"/></extension><extension url="http://hl7.org/fhir/StructureDefinition/implementationguide-page"><valueUri value="StructureDefinition-ng-bundle-patient-to-hospital.html"/></extension><reference><reference value="StructureDefinition/ng-bundle-patient-to-hospital"/></reference><name value="3-NG-Bundle: Patient to Hospital"/><description value="Bundle representing patient registration and care events with a hospital. Used for service documentation, referrals, or internal claim preparation."/><exampleBoolean value="false"/><groupingId value="-str-profile"/></resource><resource><extension url="http://hl7.org/fhir/tools/StructureDefinition/resource-sort"><valueInteger value="999999999"/></extension><extension url="http://hl7.org/fhir/StructureDefinition/implementationguide-page"><valueUri value="StructureDefinition-ng-bundle-patient-to-insurer.html"/></extension><reference><reference value="StructureDefinition/ng-bundle-patient-to-insurer"/></reference><name value="4-NG-Bundle: Patient to Insurer"/><description value="Bundle representing patient-initiated interaction with insurer, such as eligibility verification or coverage inquiry."/><exampleBoolean value="false"/><groupingId value="-str-profile"/></resource><resource><extension url="http://hl7.org/fhir/tools/StructureDefinition/resource-sort"><valueInteger value="999999999"/></extension><extension url="http://hl7.org/fhir/StructureDefinition/implementationguide-page"><valueUri value="StructureDefinition-ng-imm-organization.html"/></extension><reference><reference value="StructureDefinition/ng-imm-organization"/></reference><name value="NG Organization"/><description value="An organization profile representing healthcare facilities responsible for health services or other types of organizations."/><exampleBoolean value="false"/><groupingId value="-str-profile"/></resource><resource><extension url="http://hl7.org/fhir/tools/StructureDefinition/resource-sort"><valueInteger value="999999999"/></extension><extension url="http://hl7.org/fhir/StructureDefinition/implementationguide-page"><valueUri value="StructureDefinition-NgPatient.html"/></extension><reference><reference value="StructureDefinition/NgPatient"/></reference><name value="NG Patient"/><description value="Nigeria Patient Profile"/><exampleBoolean value="false"/><groupingId value="-str-profile"/></resource><resource><extension url="http://hl7.org/fhir/tools/StructureDefinition/resource-sort"><valueInteger value="999999999"/></extension><extension url="http://hl7.org/fhir/StructureDefinition/implementationguide-page"><valueUri value="StructureDefinition-NgPractitioner.html"/></extension><reference><reference value="StructureDefinition/NgPractitioner"/></reference><name value="NG Practitioner"/><description value="Profile for a Nigerian Practitioner"/><exampleBoolean value="false"/><groupingId value="-str-profile"/></resource><resource><extension url="http://hl7.org/fhir/tools/StructureDefinition/resource-sort"><valueInteger value="999999999"/></extension><extension url="http://hl7.org/fhir/StructureDefinition/implementationguide-page"><valueUri value="StructureDefinition-ng-claim-practitionerrole.html"/></extension><reference><reference value="StructureDefinition/ng-claim-practitionerrole"/></reference><name value="NG PractitionerRole"/><description value="A profile for defining the role of a practitioner within a claims-processing organization."/><exampleBoolean value="false"/><groupingId value="-str-profile"/></resource><resource><extension url="http://hl7.org/fhir/tools/StructureDefinition/resource-sort"><valueInteger value="999999999"/></extension><extension url="http://hl7.org/fhir/StructureDefinition/implementationguide-page"><valueUri value="StructureDefinition-ng-claim-procedure.html"/></extension><reference><reference value="StructureDefinition/ng-claim-procedure"/></reference><name value="NG Procedure"/><description value="A profile for clinical procedures tied to a submitted claim."/><exampleBoolean value="false"/><groupingId value="-str-profile"/></resource><resource><extension url="http://hl7.org/fhir/tools/StructureDefinition/resource-sort"><valueInteger value="999999999"/></extension><extension url="http://hl7.org/fhir/StructureDefinition/implementationguide-page"><valueUri value="StructureDefinition-ng-claim.html"/></extension><reference><reference value="StructureDefinition/ng-claim"/></reference><name value="NG-Claim"/><description value="A profile representing submitted claims from providers to payers."/><exampleBoolean value="false"/><groupingId value="-str-profile"/></resource><resource><extension url="http://hl7.org/fhir/tools/StructureDefinition/resource-sort"><valueInteger value="999999999"/></extension><extension url="http://hl7.org/fhir/StructureDefinition/implementationguide-page"><valueUri value="StructureDefinition-ng-claim-coverage.html"/></extension><reference><reference value="StructureDefinition/ng-claim-coverage"/></reference><name value="NG-Claim Coverage"/><description value="A profile capturing a patient's insurance coverage details."/><exampleBoolean value="false"/><groupingId value="-str-profile"/></resource><resource><extension url="http://hl7.org/fhir/tools/StructureDefinition/resource-sort"><valueInteger value="999999999"/></extension><extension url="http://hl7.org/fhir/StructureDefinition/implementationguide-page"><valueUri value="StructureDefinition-ng-claim-encounter.html"/></extension><reference><reference value="StructureDefinition/ng-claim-encounter"/></reference><name value="NG-Claim Encounter"/><description value="A profile representing patient encounters related to claims."/><exampleBoolean value="false"/><groupingId value="-str-profile"/></resource><resource><extension url="http://hl7.org/fhir/tools/StructureDefinition/resource-sort"><valueInteger value="999999999"/></extension><extension url="http://hl7.org/fhir/StructureDefinition/implementationguide-page"><valueUri value="StructureDefinition-ng-claim-invoice.html"/></extension><reference><reference value="StructureDefinition/ng-claim-invoice"/></reference><name value="NG-Claim Invoice"/><description value="A profile for invoices generated by providers for reimbursement."/><exampleBoolean value="false"/><groupingId value="-str-profile"/></resource><resource><extension url="http://hl7.org/fhir/tools/StructureDefinition/resource-sort"><valueInteger value="999999999"/></extension><extension url="http://hl7.org/fhir/StructureDefinition/implementationguide-page"><valueUri value="StructureDefinition-ng-claim-observation.html"/></extension><reference><reference value="StructureDefinition/ng-claim-observation"/></reference><name value="NG-Claim Observation"/><description value="A profile representing clinical or diagnostic findings used in claims."/><exampleBoolean value="false"/><groupingId value="-str-profile"/></resource><resource><extension url="http://hl7.org/fhir/tools/StructureDefinition/resource-sort"><valueInteger value="999999999"/></extension><extension url="http://hl7.org/fhir/StructureDefinition/implementationguide-page"><valueUri value="StructureDefinition-ng-claim-task.html"/></extension><reference><reference value="StructureDefinition/ng-claim-task"/></reference><name value="NG-Claim Task"/><description value="A profile for workflow and task management in insurance processing."/><exampleBoolean value="false"/><groupingId value="-str-profile"/></resource><resource><extension url="http://hl7.org/fhir/tools/StructureDefinition/resource-sort"><valueInteger value="999999999"/></extension><extension url="http://hl7.org/fhir/StructureDefinition/implementationguide-page"><valueUri value="StructureDefinition-ng-claimresponse.html"/></extension><reference><reference value="StructureDefinition/ng-claimresponse"/></reference><name value="NG-ClaimResponse"/><description value="A profile representing responses from insurers regarding submitted claims."/><exampleBoolean value="false"/><groupingId value="-str-profile"/></resource><resource><extension url="http://hl7.org/fhir/tools/StructureDefinition/resource-sort"><valueInteger value="999999999"/></extension><extension url="http://hl7.org/fhir/StructureDefinition/implementationguide-page"><valueUri value="StructureDefinition-ng-eligibility-request.html"/></extension><reference><reference value="StructureDefinition/ng-eligibility-request"/></reference><name value="NG-CoverageEligibilityRequest"/><description value="A profile for checking patient's eligibility for insurance services."/><exampleBoolean value="false"/><groupingId value="-str-profile"/></resource><resource><extension url="http://hl7.org/fhir/tools/StructureDefinition/resource-sort"><valueInteger value="999999999"/></extension><extension url="http://hl7.org/fhir/StructureDefinition/implementationguide-page"><valueUri value="StructureDefinition-ng-eligibility-response.html"/></extension><reference><reference value="StructureDefinition/ng-eligibility-response"/></reference><name value="NG-CoverageEligibilityResponse"/><description value="A profile for the insurer’s response to an eligibility check."/><exampleBoolean value="false"/><groupingId value="-str-profile"/></resource><resource><extension url="http://hl7.org/fhir/tools/StructureDefinition/resource-sort"><valueInteger value="999999999"/></extension><extension url="http://hl7.org/fhir/StructureDefinition/implementationguide-page"><valueUri value="StructureDefinition-ng-explanationofbenefit.html"/></extension><reference><reference value="StructureDefinition/ng-explanationofbenefit"/></reference><name value="NG-ExplanationOfBenefit"/><description value="A profile detailing adjudicated claim results."/><exampleBoolean value="false"/><groupingId value="-str-profile"/></resource><resource><extension url="http://hl7.org/fhir/tools/StructureDefinition/resource-sort"><valueInteger value="999999999"/></extension><extension url="http://hl7.org/fhir/StructureDefinition/implementationguide-page"><valueUri value="ValueSet-nigeria-gender.html"/></extension><reference><reference value="ValueSet/nigeria-gender"/></reference><name value="NG-Imm Gender or Sex VS"/><description value="Subset of HL7 administrative-gender limited to 'male' and 'female'."/><exampleBoolean value="false"/><groupingId value="-term-valueset"/></resource><resource><extension url="http://hl7.org/fhir/tools/StructureDefinition/resource-sort"><valueInteger value="999999999"/></extension><extension url="http://hl7.org/fhir/StructureDefinition/implementationguide-page"><valueUri value="ValueSet-nigeria-facility-types.html"/></extension><reference><reference value="ValueSet/nigeria-facility-types"/></reference><name value="NG-Imm HealthFacility Type VS"/><description value="Classification of Nigerian health facilities"/><exampleBoolean value="false"/><groupingId value="-term-valueset"/></resource><resource><extension url="http://hl7.org/fhir/tools/StructureDefinition/resource-sort"><valueInteger value="999999999"/></extension><extension url="http://hl7.org/fhir/StructureDefinition/implementationguide-page"><valueUri value="ValueSet-nigeria-lgas.html"/></extension><reference><reference value="ValueSet/nigeria-lgas"/></reference><name value="NG-Imm LGAs VS"/><description value="The administrative Local Government Areas where a person or a facility is."/><exampleBoolean value="false"/><groupingId value="-term-valueset"/></resource><resource><extension url="http://hl7.org/fhir/tools/StructureDefinition/resource-sort"><valueInteger value="999999999"/></extension><extension url="http://hl7.org/fhir/StructureDefinition/implementationguide-page"><valueUri value="ValueSet-nigeria-languages.html"/></extension><reference><reference value="ValueSet/nigeria-languages"/></reference><name value="NG-Imm Languages VS"/><description value="The Patient's preferred language for communication."/><exampleBoolean value="false"/><groupingId value="-term-valueset"/></resource><resource><extension url="http://hl7.org/fhir/tools/StructureDefinition/resource-sort"><valueInteger value="999999999"/></extension><extension url="http://hl7.org/fhir/StructureDefinition/implementationguide-page"><valueUri value="ValueSet-nigeria-location-owner.html"/></extension><reference><reference value="ValueSet/nigeria-location-owner"/></reference><name value="NG-Imm Location Owner"/><description value="The owner of an Immunization location"/><exampleBoolean value="false"/><groupingId value="-term-valueset"/></resource><resource><extension url="http://hl7.org/fhir/tools/StructureDefinition/resource-sort"><valueInteger value="999999999"/></extension><extension url="http://hl7.org/fhir/StructureDefinition/implementationguide-page"><valueUri value="ValueSet-nigeria-states.html"/></extension><reference><reference value="ValueSet/nigeria-states"/></reference><name value="NG-Imm States VS"/><description value="The state where a person or a facility is."/><exampleBoolean value="false"/><groupingId value="-term-valueset"/></resource><resource><extension url="http://hl7.org/fhir/tools/StructureDefinition/resource-sort"><valueInteger value="999999999"/></extension><extension url="http://hl7.org/fhir/StructureDefinition/implementationguide-page"><valueUri value="ValueSet-nigeria-wards.html"/></extension><reference><reference value="ValueSet/nigeria-wards"/></reference><name value="NG-Imm Wards VS"/><description value="The administrative Ward (within an LGA) where a person or a facility is."/><exampleBoolean value="false"/><groupingId value="-term-valueset"/></resource><resource><extension url="http://hl7.org/fhir/tools/StructureDefinition/resource-sort"><valueInteger value="999999999"/></extension><extension url="http://hl7.org/fhir/StructureDefinition/implementationguide-page"><valueUri value="CodeSystem-nigeria-wards.html"/></extension><reference><reference value="CodeSystem/nigeria-wards"/></reference><name value="NG-Imm Administrative Wards CS"/><description value="This CodeSystem defines ward codes and names mapped to their respective Local Government Areas (LGAs) in Nigeria."/><exampleBoolean value="false"/><groupingId value="-term-codesystem"/></resource><resource><extension url="http://hl7.org/fhir/tools/StructureDefinition/resource-sort"><valueInteger value="999999999"/></extension><extension url="http://hl7.org/fhir/StructureDefinition/implementationguide-page"><valueUri value="CodeSystem-nigeria-facility-type.html"/></extension><reference><reference value="CodeSystem/nigeria-facility-type"/></reference><name value="NG-Imm Facility Type CS"/><description value="A standardized classification system used to describe the type or level of health facility within a healthcare delivery system, based on the scope of services provided, staffing, infrastructure, and administrative role."/><exampleBoolean value="false"/><groupingId value="-term-codesystem"/></resource><resource><extension url="http://hl7.org/fhir/tools/StructureDefinition/resource-sort"><valueInteger value="999999999"/></extension><extension url="http://hl7.org/fhir/StructureDefinition/implementationguide-page"><valueUri value="CodeSystem-nigeria-gender.html"/></extension><reference><reference value="CodeSystem/nigeria-gender"/></reference><name value="NG-Imm Gender CS"/><description value="The administrative gender of a person."/><exampleBoolean value="false"/><groupingId value="-term-codesystem"/></resource><resource><extension url="http://hl7.org/fhir/tools/StructureDefinition/resource-sort"><valueInteger value="999999999"/></extension><extension url="http://hl7.org/fhir/StructureDefinition/implementationguide-page"><valueUri value="CodeSystem-nigeria-lgas.html"/></extension><reference><reference value="CodeSystem/nigeria-lgas"/></reference><name value="NG-Imm LGAs in Nigeria CS"/><description value="This CodeSystem defines LGA codes and names mapped to their respective States in Nigeria."/><exampleBoolean value="false"/><groupingId value="-term-codesystem"/></resource><resource><extension url="http://hl7.org/fhir/tools/StructureDefinition/resource-sort"><valueInteger value="999999999"/></extension><extension url="http://hl7.org/fhir/StructureDefinition/implementationguide-page"><valueUri value="CodeSystem-nigeria-location-owner-cs.html"/></extension><reference><reference value="CodeSystem/nigeria-location-owner-cs"/></reference><name value="NG-Imm Location Owner CS"/><description value="This CodeSystem defines Immunization Location Owner."/><exampleBoolean value="false"/><groupingId value="-term-codesystem"/></resource><resource><extension url="http://hl7.org/fhir/tools/StructureDefinition/resource-sort"><valueInteger value="999999999"/></extension><extension url="http://hl7.org/fhir/StructureDefinition/implementationguide-page"><valueUri value="CodeSystem-nigeria-states.html"/></extension><reference><reference value="CodeSystem/nigeria-states"/></reference><name value="NG-Imm States in Nigeria CS"/><description value="This CodeSystem defines ward codes and names mapped to their respective States in Nigeria."/><exampleBoolean value="false"/><groupingId value="-term-codesystem"/></resource><resource><extension url="http://hl7.org/fhir/tools/StructureDefinition/resource-sort"><valueInteger value="999999999"/></extension><extension url="http://hl7.org/fhir/StructureDefinition/implementationguide-page"><valueUri value="CodeSystem-nigeria-languages.html"/></extension><reference><reference value="CodeSystem/nigeria-languages"/></reference><name value="NG‑Imm Languages in Nigeria CS"/><description value="This CodeSystem defines codes for major languages spoken across Nigeria."/><exampleBoolean value="false"/><groupingId value="-term-codesystem"/></resource><resource><extension url="http://hl7.org/fhir/tools/StructureDefinition/resource-sort"><valueInteger value="999999999"/></extension><extension url="http://hl7.org/fhir/StructureDefinition/implementationguide-page"><valueUri value="Bundle-HMOToInsurerBundleExample.html"/></extension><reference><reference value="Bundle/HMOToInsurerBundleExample"/></reference><name value="Example: HMO to Insurer Claim Submission Bundle"/><description value="An example bundle from an HMO to an insurer containing submitted claims and associated resources."/><exampleCanonical value="https://dhin.org/2025Connectathon/StructureDefinition/ng-bundle-hmo-to-insurer"/><groupingId value="-ex-example"/></resource><resource><extension url="http://hl7.org/fhir/tools/StructureDefinition/resource-sort"><valueInteger value="999999999"/></extension><extension url="http://hl7.org/fhir/StructureDefinition/implementationguide-page"><valueUri value="Bundle-HospitalToHMOClaimBundle.html"/></extension><reference><reference value="Bundle/HospitalToHMOClaimBundle"/></reference><name value="Example: Hospital to HMO Claim Bundle"/><description value="An example bundle submitted from a hospital to an HMO for reimbursement."/><exampleCanonical value="https://dhin.org/2025Connectathon/StructureDefinition/ng-bundle-hospital-to-hmo"/><groupingId value="-ex-example"/></resource><resource><extension url="http://hl7.org/fhir/tools/StructureDefinition/resource-sort"><valueInteger value="999999999"/></extension><extension url="http://hl7.org/fhir/StructureDefinition/implementationguide-page"><valueUri value="Bundle-PatientToHospitalBundleExample.html"/></extension><reference><reference value="Bundle/PatientToHospitalBundleExample"/></reference><name value="Example: Patient to Hospital Interaction Bundle"/><description value="An example bundle representing a patient registration and clinical encounter at a hospital."/><exampleCanonical value="https://dhin.org/2025Connectathon/StructureDefinition/ng-bundle-patient-to-hospital"/><groupingId value="-ex-example"/></resource><resource><extension url="http://hl7.org/fhir/tools/StructureDefinition/resource-sort"><valueInteger value="999999999"/></extension><extension url="http://hl7.org/fhir/StructureDefinition/implementationguide-page"><valueUri value="Bundle-PatientToInsurerBundleExample.html"/></extension><reference><reference value="Bundle/PatientToInsurerBundleExample"/></reference><name value="Example: Patient to Insurer Eligibility Check Bundle"/><description value="An example bundle representing a patient-initiated eligibility request to an insurer."/><exampleCanonical value="https://dhin.org/2025Connectathon/StructureDefinition/ng-bundle-patient-to-insurer"/><groupingId value="-ex-example"/></resource><resource><extension url="http://hl7.org/fhir/tools/StructureDefinition/resource-sort"><valueInteger value="999999999"/></extension><extension url="http://hl7.org/fhir/StructureDefinition/implementationguide-page"><valueUri value="Claim-claim-001.html"/></extension><reference><reference value="Claim/claim-001"/></reference><name value="claim-001"/><exampleCanonical value="https://dhin.org/2025Connectathon/StructureDefinition/ng-claim"/><groupingId value="-ex-example"/></resource><resource><extension url="http://hl7.org/fhir/tools/StructureDefinition/resource-sort"><valueInteger value="999999999"/></extension><extension url="http://hl7.org/fhir/StructureDefinition/implementationguide-page"><valueUri value="Claim-claim-002.html"/></extension><reference><reference value="Claim/claim-002"/></reference><name value="claim-002"/><exampleCanonical value="https://dhin.org/2025Connectathon/StructureDefinition/ng-claim"/><groupingId value="-ex-example"/></resource><resource><extension url="http://hl7.org/fhir/tools/StructureDefinition/resource-sort"><valueInteger value="999999999"/></extension><extension url="http://hl7.org/fhir/StructureDefinition/implementationguide-page"><valueUri value="Coverage-coverage-001.html"/></extension><reference><reference value="Coverage/coverage-001"/></reference><name value="coverage-001"/><exampleCanonical value="https://dhin.org/2025Connectathon/StructureDefinition/ng-claim-coverage"/><groupingId value="-ex-example"/></resource><resource><extension url="http://hl7.org/fhir/tools/StructureDefinition/resource-sort"><valueInteger value="999999999"/></extension><extension url="http://hl7.org/fhir/StructureDefinition/implementationguide-page"><valueUri value="Coverage-coverage-002.html"/></extension><reference><reference value="Coverage/coverage-002"/></reference><name value="coverage-002"/><exampleCanonical value="https://dhin.org/2025Connectathon/StructureDefinition/ng-claim-coverage"/><groupingId value="-ex-example"/></resource><resource><extension url="http://hl7.org/fhir/tools/StructureDefinition/resource-sort"><valueInteger value="999999999"/></extension><extension url="http://hl7.org/fhir/StructureDefinition/implementationguide-page"><valueUri value="Coverage-coverage-004.html"/></extension><reference><reference value="Coverage/coverage-004"/></reference><name value="coverage-004"/><exampleCanonical value="https://dhin.org/2025Connectathon/StructureDefinition/ng-claim-coverage"/><groupingId value="-ex-example"/></resource><resource><extension url="http://hl7.org/fhir/tools/StructureDefinition/resource-sort"><valueInteger value="999999999"/></extension><extension url="http://hl7.org/fhir/StructureDefinition/implementationguide-page"><valueUri value="CoverageEligibilityRequest-eligibility-request-004.html"/></extension><reference><reference value="CoverageEligibilityRequest/eligibility-request-004"/></reference><name value="eligibility-request-004"/><exampleCanonical value="https://dhin.org/2025Connectathon/StructureDefinition/ng-eligibility-request"/><groupingId value="-ex-example"/></resource><resource><extension url="http://hl7.org/fhir/tools/StructureDefinition/resource-sort"><valueInteger value="999999999"/></extension><extension url="http://hl7.org/fhir/StructureDefinition/implementationguide-page"><valueUri value="CoverageEligibilityResponse-eligibility-response-004.html"/></extension><reference><reference value="CoverageEligibilityResponse/eligibility-response-004"/></reference><name value="eligibility-response-004"/><exampleCanonical value="https://dhin.org/2025Connectathon/StructureDefinition/ng-eligibility-response"/><groupingId value="-ex-example"/></resource><resource><extension url="http://hl7.org/fhir/tools/StructureDefinition/resource-sort"><valueInteger value="999999999"/></extension><extension url="http://hl7.org/fhir/StructureDefinition/implementationguide-page"><valueUri value="Encounter-encounter-001.html"/></extension><reference><reference value="Encounter/encounter-001"/></reference><name value="encounter-001"/><exampleCanonical value="https://dhin.org/2025Connectathon/StructureDefinition/ng-claim-encounter"/><groupingId value="-ex-example"/></resource><resource><extension url="http://hl7.org/fhir/tools/StructureDefinition/resource-sort"><valueInteger value="999999999"/></extension><extension url="http://hl7.org/fhir/StructureDefinition/implementationguide-page"><valueUri value="Encounter-encounter-003.html"/></extension><reference><reference value="Encounter/encounter-003"/></reference><name value="encounter-003"/><exampleCanonical value="https://dhin.org/2025Connectathon/StructureDefinition/ng-claim-encounter"/><groupingId value="-ex-example"/></resource><resource><extension url="http://hl7.org/fhir/tools/StructureDefinition/resource-sort"><valueInteger value="999999999"/></extension><extension url="http://hl7.org/fhir/StructureDefinition/implementationguide-page"><valueUri value="Invoice-invoice-001.html"/></extension><reference><reference value="Invoice/invoice-001"/></reference><name value="invoice-001"/><exampleCanonical value="https://dhin.org/2025Connectathon/StructureDefinition/ng-claim-invoice"/><groupingId value="-ex-example"/></resource><resource><extension url="http://hl7.org/fhir/tools/StructureDefinition/resource-sort"><valueInteger value="999999999"/></extension><extension url="http://hl7.org/fhir/StructureDefinition/implementationguide-page"><valueUri value="Invoice-invoice-003.html"/></extension><reference><reference value="Invoice/invoice-003"/></reference><name value="invoice-003"/><exampleCanonical value="https://dhin.org/2025Connectathon/StructureDefinition/ng-claim-invoice"/><groupingId value="-ex-example"/></resource><resource><extension url="http://hl7.org/fhir/tools/StructureDefinition/resource-sort"><valueInteger value="999999999"/></extension><extension url="http://hl7.org/fhir/StructureDefinition/implementationguide-page"><valueUri value="Observation-observation-001.html"/></extension><reference><reference value="Observation/observation-001"/></reference><name value="observation-001"/><exampleCanonical value="https://dhin.org/2025Connectathon/StructureDefinition/ng-claim-observation"/><groupingId value="-ex-example"/></resource><resource><extension url="http://hl7.org/fhir/tools/StructureDefinition/resource-sort"><valueInteger value="999999999"/></extension><extension url="http://hl7.org/fhir/StructureDefinition/implementationguide-page"><valueUri value="Observation-observation-003.html"/></extension><reference><reference value="Observation/observation-003"/></reference><name value="observation-003"/><exampleCanonical value="https://dhin.org/2025Connectathon/StructureDefinition/ng-claim-observation"/><groupingId value="-ex-example"/></resource><resource><extension url="http://hl7.org/fhir/tools/StructureDefinition/resource-sort"><valueInteger value="999999999"/></extension><extension url="http://hl7.org/fhir/StructureDefinition/implementationguide-page"><valueUri value="Organization-org-hmo.html"/></extension><reference><reference value="Organization/org-hmo"/></reference><name value="org-hmo"/><exampleCanonical value="https://dhin.org/2025Connectathon/StructureDefinition/ng-imm-organization"/><groupingId value="-ex-example"/></resource><resource><extension url="http://hl7.org/fhir/tools/StructureDefinition/resource-sort"><valueInteger value="999999999"/></extension><extension url="http://hl7.org/fhir/StructureDefinition/implementationguide-page"><valueUri value="Organization-org-hmo-2.html"/></extension><reference><reference value="Organization/org-hmo-2"/></reference><name value="org-hmo-2"/><exampleCanonical value="https://dhin.org/2025Connectathon/StructureDefinition/ng-imm-organization"/><groupingId value="-ex-example"/></resource><resource><extension url="http://hl7.org/fhir/tools/StructureDefinition/resource-sort"><valueInteger value="999999999"/></extension><extension url="http://hl7.org/fhir/StructureDefinition/implementationguide-page"><valueUri value="Organization-org-hospital.html"/></extension><reference><reference value="Organization/org-hospital"/></reference><name value="org-hospital"/><exampleCanonical value="https://dhin.org/2025Connectathon/StructureDefinition/ng-imm-organization"/><groupingId value="-ex-example"/></resource><resource><extension url="http://hl7.org/fhir/tools/StructureDefinition/resource-sort"><valueInteger value="999999999"/></extension><extension url="http://hl7.org/fhir/StructureDefinition/implementationguide-page"><valueUri value="Organization-org-hospital-2.html"/></extension><reference><reference value="Organization/org-hospital-2"/></reference><name value="org-hospital-2"/><exampleCanonical value="https://dhin.org/2025Connectathon/StructureDefinition/ng-imm-organization"/><groupingId value="-ex-example"/></resource><resource><extension url="http://hl7.org/fhir/tools/StructureDefinition/resource-sort"><valueInteger value="999999999"/></extension><extension url="http://hl7.org/fhir/StructureDefinition/implementationguide-page"><valueUri value="Organization-org-insurer-2.html"/></extension><reference><reference value="Organization/org-insurer-2"/></reference><name value="org-insurer-2"/><exampleCanonical value="https://dhin.org/2025Connectathon/StructureDefinition/ng-imm-organization"/><groupingId value="-ex-example"/></resource><resource><extension url="http://hl7.org/fhir/tools/StructureDefinition/resource-sort"><valueInteger value="999999999"/></extension><extension url="http://hl7.org/fhir/StructureDefinition/implementationguide-page"><valueUri value="Organization-org-insurer-4.html"/></extension><reference><reference value="Organization/org-insurer-4"/></reference><name value="org-insurer-4"/><exampleCanonical value="https://dhin.org/2025Connectathon/StructureDefinition/ng-imm-organization"/><groupingId value="-ex-example"/></resource><resource><extension url="http://hl7.org/fhir/tools/StructureDefinition/resource-sort"><valueInteger value="999999999"/></extension><extension url="http://hl7.org/fhir/StructureDefinition/implementationguide-page"><valueUri value="Patient-patient-001.html"/></extension><reference><reference value="Patient/patient-001"/></reference><name value="patient-001"/><exampleCanonical value="https://dhin.org/2025Connectathon/StructureDefinition/NgPatient"/><groupingId value="-ex-example"/></resource><resource><extension url="http://hl7.org/fhir/tools/StructureDefinition/resource-sort"><valueInteger value="999999999"/></extension><extension url="http://hl7.org/fhir/StructureDefinition/implementationguide-page"><valueUri value="Patient-patient-002.html"/></extension><reference><reference value="Patient/patient-002"/></reference><name value="patient-002"/><exampleCanonical value="https://dhin.org/2025Connectathon/StructureDefinition/NgPatient"/><groupingId value="-ex-example"/></resource><resource><extension url="http://hl7.org/fhir/tools/StructureDefinition/resource-sort"><valueInteger value="999999999"/></extension><extension url="http://hl7.org/fhir/StructureDefinition/implementationguide-page"><valueUri value="Patient-patient-003.html"/></extension><reference><reference value="Patient/patient-003"/></reference><name value="patient-003"/><exampleCanonical value="https://dhin.org/2025Connectathon/StructureDefinition/NgPatient"/><groupingId value="-ex-example"/></resource><resource><extension url="http://hl7.org/fhir/tools/StructureDefinition/resource-sort"><valueInteger value="999999999"/></extension><extension url="http://hl7.org/fhir/StructureDefinition/implementationguide-page"><valueUri value="Patient-patient-004.html"/></extension><reference><reference value="Patient/patient-004"/></reference><name value="patient-004"/><exampleCanonical value="https://dhin.org/2025Connectathon/StructureDefinition/NgPatient"/><groupingId value="-ex-example"/></resource><resource><extension url="http://hl7.org/fhir/tools/StructureDefinition/resource-sort"><valueInteger value="999999999"/></extension><extension url="http://hl7.org/fhir/StructureDefinition/implementationguide-page"><valueUri value="Practitioner-practitioner-001.html"/></extension><reference><reference value="Practitioner/practitioner-001"/></reference><name value="practitioner-001"/><exampleCanonical value="https://dhin.org/2025Connectathon/StructureDefinition/NgPractitioner"/><groupingId value="-ex-example"/></resource><resource><extension url="http://hl7.org/fhir/tools/StructureDefinition/resource-sort"><valueInteger value="999999999"/></extension><extension url="http://hl7.org/fhir/StructureDefinition/implementationguide-page"><valueUri value="Practitioner-practitioner-003.html"/></extension><reference><reference value="Practitioner/practitioner-003"/></reference><name value="practitioner-003"/><exampleCanonical value="https://dhin.org/2025Connectathon/StructureDefinition/NgPractitioner"/><groupingId value="-ex-example"/></resource><resource><extension url="http://hl7.org/fhir/tools/StructureDefinition/resource-sort"><valueInteger value="999999999"/></extension><extension url="http://hl7.org/fhir/StructureDefinition/implementationguide-page"><valueUri value="Procedure-procedure-001.html"/></extension><reference><reference value="Procedure/procedure-001"/></reference><name value="procedure-001"/><exampleCanonical value="https://dhin.org/2025Connectathon/StructureDefinition/ng-claim-procedure"/><groupingId value="-ex-example"/></resource><resource><extension url="http://hl7.org/fhir/tools/StructureDefinition/resource-sort"><valueInteger value="999999999"/></extension><extension url="http://hl7.org/fhir/StructureDefinition/implementationguide-page"><valueUri value="Procedure-procedure-003.html"/></extension><reference><reference value="Procedure/procedure-003"/></reference><name value="procedure-003"/><exampleCanonical value="https://dhin.org/2025Connectathon/StructureDefinition/ng-claim-procedure"/><groupingId value="-ex-example"/></resource><resource><extension url="http://hl7.org/fhir/tools/StructureDefinition/resource-sort"><valueInteger value="999999999"/></extension><extension url="http://hl7.org/fhir/StructureDefinition/implementationguide-page"><valueUri value="ServiceRequest-service-request-003.html"/></extension><reference><reference value="ServiceRequest/service-request-003"/></reference><name value="service-request-003"/><exampleBoolean value="true"/><groupingId value="-ex-example"/></resource><resource><extension url="http://hl7.org/fhir/tools/StructureDefinition/resource-sort"><valueInteger value="999999999"/></extension><extension url="http://hl7.org/fhir/StructureDefinition/implementationguide-page"><valueUri value="Task-task-claim-review.html"/></extension><reference><reference value="Task/task-claim-review"/></reference><name value="task-claim-review"/><description value="Please review this claim for adjudication"/><exampleCanonical value="https://dhin.org/2025Connectathon/StructureDefinition/ng-claim-task"/><groupingId value="-ex-example"/></resource><page><extension url="http://hl7.org/fhir/tools/StructureDefinition/ig-page-name"><valueUrl value="toc.html"/></extension><nameUrl value="toc.html"/><title value="Table of Contents"/><generation value="html"/><page><extension url="http://hl7.org/fhir/tools/StructureDefinition/ig-page-name"><valueUrl value="index.html"/></extension><nameUrl value="index.html"/><title value="Home"/><generation value="markdown"/></page><page><extension url="http://hl7.org/fhir/tools/StructureDefinition/ig-page-name"><valueUrl value="artifacts.html"/></extension><nameUrl value="artifacts.html"/><title value="Artifacts Summary"/><generation value="html"/><page><extension url="http://hl7.org/fhir/tools/StructureDefinition/ig-page-name"><valueUrl value="StructureDefinition-ng-bundle-hospital-to-hmo.html"/></extension><nameUrl value="StructureDefinition-ng-bundle-hospital-to-hmo.html"/><title value="1-NG-Bundle: Hospital to HMO (Claim Submission)"/><generation value="generated"/></page><page><extension url="http://hl7.org/fhir/tools/StructureDefinition/ig-page-name"><valueUrl value="StructureDefinition-ng-bundle-hmo-to-insurer.html"/></extension><nameUrl value="StructureDefinition-ng-bundle-hmo-to-insurer.html"/><title value="2-NG-Bundle: HMO to Insurer"/><generation value="generated"/></page><page><extension url="http://hl7.org/fhir/tools/StructureDefinition/ig-page-name"><valueUrl value="StructureDefinition-ng-bundle-patient-to-hospital.html"/></extension><nameUrl value="StructureDefinition-ng-bundle-patient-to-hospital.html"/><title value="3-NG-Bundle: Patient to Hospital"/><generation value="generated"/></page><page><extension url="http://hl7.org/fhir/tools/StructureDefinition/ig-page-name"><valueUrl value="StructureDefinition-ng-bundle-patient-to-insurer.html"/></extension><nameUrl value="StructureDefinition-ng-bundle-patient-to-insurer.html"/><title value="4-NG-Bundle: Patient to Insurer"/><generation value="generated"/></page><page><extension url="http://hl7.org/fhir/tools/StructureDefinition/ig-page-name"><valueUrl value="StructureDefinition-ng-imm-organization.html"/></extension><nameUrl value="StructureDefinition-ng-imm-organization.html"/><title value="NG Organization"/><generation value="generated"/></page><page><extension url="http://hl7.org/fhir/tools/StructureDefinition/ig-page-name"><valueUrl value="StructureDefinition-NgPatient.html"/></extension><nameUrl value="StructureDefinition-NgPatient.html"/><title value="NG Patient"/><generation value="generated"/></page><page><extension url="http://hl7.org/fhir/tools/StructureDefinition/ig-page-name"><valueUrl value="StructureDefinition-NgPractitioner.html"/></extension><nameUrl value="StructureDefinition-NgPractitioner.html"/><title value="NG Practitioner"/><generation value="generated"/></page><page><extension url="http://hl7.org/fhir/tools/StructureDefinition/ig-page-name"><valueUrl value="StructureDefinition-ng-claim-practitionerrole.html"/></extension><nameUrl value="StructureDefinition-ng-claim-practitionerrole.html"/><title value="NG PractitionerRole"/><generation value="generated"/></page><page><extension url="http://hl7.org/fhir/tools/StructureDefinition/ig-page-name"><valueUrl value="StructureDefinition-ng-claim-procedure.html"/></extension><nameUrl value="StructureDefinition-ng-claim-procedure.html"/><title value="NG Procedure"/><generation value="generated"/></page><page><extension url="http://hl7.org/fhir/tools/StructureDefinition/ig-page-name"><valueUrl value="StructureDefinition-ng-claim.html"/></extension><nameUrl value="StructureDefinition-ng-claim.html"/><title value="NG-Claim"/><generation value="generated"/></page><page><extension url="http://hl7.org/fhir/tools/StructureDefinition/ig-page-name"><valueUrl value="StructureDefinition-ng-claim-coverage.html"/></extension><nameUrl value="StructureDefinition-ng-claim-coverage.html"/><title value="NG-Claim Coverage"/><generation value="generated"/></page><page><extension url="http://hl7.org/fhir/tools/StructureDefinition/ig-page-name"><valueUrl value="StructureDefinition-ng-claim-encounter.html"/></extension><nameUrl value="StructureDefinition-ng-claim-encounter.html"/><title value="NG-Claim Encounter"/><generation value="generated"/></page><page><extension url="http://hl7.org/fhir/tools/StructureDefinition/ig-page-name"><valueUrl value="StructureDefinition-ng-claim-invoice.html"/></extension><nameUrl value="StructureDefinition-ng-claim-invoice.html"/><title value="NG-Claim Invoice"/><generation value="generated"/></page><page><extension url="http://hl7.org/fhir/tools/StructureDefinition/ig-page-name"><valueUrl value="StructureDefinition-ng-claim-observation.html"/></extension><nameUrl value="StructureDefinition-ng-claim-observation.html"/><title value="NG-Claim Observation"/><generation value="generated"/></page><page><extension url="http://hl7.org/fhir/tools/StructureDefinition/ig-page-name"><valueUrl value="StructureDefinition-ng-claim-task.html"/></extension><nameUrl value="StructureDefinition-ng-claim-task.html"/><title value="NG-Claim Task"/><generation value="generated"/></page><page><extension url="http://hl7.org/fhir/tools/StructureDefinition/ig-page-name"><valueUrl value="StructureDefinition-ng-claimresponse.html"/></extension><nameUrl value="StructureDefinition-ng-claimresponse.html"/><title value="NG-ClaimResponse"/><generation value="generated"/></page><page><extension url="http://hl7.org/fhir/tools/StructureDefinition/ig-page-name"><valueUrl value="StructureDefinition-ng-eligibility-request.html"/></extension><nameUrl value="StructureDefinition-ng-eligibility-request.html"/><title value="NG-CoverageEligibilityRequest"/><generation value="generated"/></page><page><extension url="http://hl7.org/fhir/tools/StructureDefinition/ig-page-name"><valueUrl value="StructureDefinition-ng-eligibility-response.html"/></extension><nameUrl value="StructureDefinition-ng-eligibility-response.html"/><title value="NG-CoverageEligibilityResponse"/><generation value="generated"/></page><page><extension url="http://hl7.org/fhir/tools/StructureDefinition/ig-page-name"><valueUrl value="StructureDefinition-ng-explanationofbenefit.html"/></extension><nameUrl value="StructureDefinition-ng-explanationofbenefit.html"/><title value="NG-ExplanationOfBenefit"/><generation value="generated"/></page><page><extension url="http://hl7.org/fhir/tools/StructureDefinition/ig-page-name"><valueUrl value="ValueSet-nigeria-gender.html"/></extension><nameUrl value="ValueSet-nigeria-gender.html"/><title value="NG-Imm Gender or Sex VS"/><generation value="generated"/></page><page><extension url="http://hl7.org/fhir/tools/StructureDefinition/ig-page-name"><valueUrl value="ValueSet-nigeria-facility-types.html"/></extension><nameUrl value="ValueSet-nigeria-facility-types.html"/><title value="NG-Imm HealthFacility Type VS"/><generation value="generated"/></page><page><extension url="http://hl7.org/fhir/tools/StructureDefinition/ig-page-name"><valueUrl value="ValueSet-nigeria-languages.html"/></extension><nameUrl value="ValueSet-nigeria-languages.html"/><title value="NG-Imm Languages VS"/><generation value="generated"/></page><page><extension url="http://hl7.org/fhir/tools/StructureDefinition/ig-page-name"><valueUrl value="ValueSet-nigeria-lgas.html"/></extension><nameUrl value="ValueSet-nigeria-lgas.html"/><title value="NG-Imm LGAs VS"/><generation value="generated"/></page><page><extension url="http://hl7.org/fhir/tools/StructureDefinition/ig-page-name"><valueUrl value="ValueSet-nigeria-location-owner.html"/></extension><nameUrl value="ValueSet-nigeria-location-owner.html"/><title value="NG-Imm Location Owner"/><generation value="generated"/></page><page><extension url="http://hl7.org/fhir/tools/StructureDefinition/ig-page-name"><valueUrl value="ValueSet-nigeria-states.html"/></extension><nameUrl value="ValueSet-nigeria-states.html"/><title value="NG-Imm States VS"/><generation value="generated"/></page><page><extension url="http://hl7.org/fhir/tools/StructureDefinition/ig-page-name"><valueUrl value="ValueSet-nigeria-wards.html"/></extension><nameUrl value="ValueSet-nigeria-wards.html"/><title value="NG-Imm Wards VS"/><generation value="generated"/></page><page><extension url="http://hl7.org/fhir/tools/StructureDefinition/ig-page-name"><valueUrl value="CodeSystem-nigeria-wards.html"/></extension><nameUrl value="CodeSystem-nigeria-wards.html"/><title value="NG-Imm Administrative Wards CS"/><generation value="generated"/></page><page><extension url="http://hl7.org/fhir/tools/StructureDefinition/ig-page-name"><valueUrl value="CodeSystem-nigeria-facility-type.html"/></extension><nameUrl value="CodeSystem-nigeria-facility-type.html"/><title value="NG-Imm Facility Type CS"/><generation value="generated"/></page><page><extension url="http://hl7.org/fhir/tools/StructureDefinition/ig-page-name"><valueUrl value="CodeSystem-nigeria-gender.html"/></extension><nameUrl value="CodeSystem-nigeria-gender.html"/><title value="NG-Imm Gender CS"/><generation value="generated"/></page><page><extension url="http://hl7.org/fhir/tools/StructureDefinition/ig-page-name"><valueUrl value="CodeSystem-nigeria-lgas.html"/></extension><nameUrl value="CodeSystem-nigeria-lgas.html"/><title value="NG-Imm LGAs in Nigeria CS"/><generation value="generated"/></page><page><extension url="http://hl7.org/fhir/tools/StructureDefinition/ig-page-name"><valueUrl value="CodeSystem-nigeria-location-owner-cs.html"/></extension><nameUrl value="CodeSystem-nigeria-location-owner-cs.html"/><title value="NG-Imm Location Owner CS"/><generation value="generated"/></page><page><extension url="http://hl7.org/fhir/tools/StructureDefinition/ig-page-name"><valueUrl value="CodeSystem-nigeria-states.html"/></extension><nameUrl value="CodeSystem-nigeria-states.html"/><title value="NG-Imm States in Nigeria CS"/><generation value="generated"/></page><page><extension url="http://hl7.org/fhir/tools/StructureDefinition/ig-page-name"><valueUrl value="CodeSystem-nigeria-languages.html"/></extension><nameUrl value="CodeSystem-nigeria-languages.html"/><title value="NG‑Imm Languages in Nigeria CS"/><generation value="generated"/></page><page><extension url="http://hl7.org/fhir/tools/StructureDefinition/ig-page-name"><valueUrl value="Claim-claim-001.html"/></extension><nameUrl value="Claim-claim-001.html"/><title value="claim-001"/><generation value="generated"/></page><page><extension url="http://hl7.org/fhir/tools/StructureDefinition/ig-page-name"><valueUrl value="Claim-claim-002.html"/></extension><nameUrl value="Claim-claim-002.html"/><title value="claim-002"/><generation value="generated"/></page><page><extension url="http://hl7.org/fhir/tools/StructureDefinition/ig-page-name"><valueUrl value="Coverage-coverage-001.html"/></extension><nameUrl value="Coverage-coverage-001.html"/><title value="coverage-001"/><generation value="generated"/></page><page><extension url="http://hl7.org/fhir/tools/StructureDefinition/ig-page-name"><valueUrl value="Coverage-coverage-002.html"/></extension><nameUrl value="Coverage-coverage-002.html"/><title value="coverage-002"/><generation value="generated"/></page><page><extension url="http://hl7.org/fhir/tools/StructureDefinition/ig-page-name"><valueUrl value="Coverage-coverage-004.html"/></extension><nameUrl value="Coverage-coverage-004.html"/><title value="coverage-004"/><generation value="generated"/></page><page><extension url="http://hl7.org/fhir/tools/StructureDefinition/ig-page-name"><valueUrl value="CoverageEligibilityRequest-eligibility-request-004.html"/></extension><nameUrl value="CoverageEligibilityRequest-eligibility-request-004.html"/><title value="eligibility-request-004"/><generation value="generated"/></page><page><extension url="http://hl7.org/fhir/tools/StructureDefinition/ig-page-name"><valueUrl value="CoverageEligibilityResponse-eligibility-response-004.html"/></extension><nameUrl value="CoverageEligibilityResponse-eligibility-response-004.html"/><title value="eligibility-response-004"/><generation value="generated"/></page><page><extension url="http://hl7.org/fhir/tools/StructureDefinition/ig-page-name"><valueUrl value="Encounter-encounter-001.html"/></extension><nameUrl value="Encounter-encounter-001.html"/><title value="encounter-001"/><generation value="generated"/></page><page><extension url="http://hl7.org/fhir/tools/StructureDefinition/ig-page-name"><valueUrl value="Encounter-encounter-003.html"/></extension><nameUrl value="Encounter-encounter-003.html"/><title value="encounter-003"/><generation value="generated"/></page><page><extension url="http://hl7.org/fhir/tools/StructureDefinition/ig-page-name"><valueUrl value="Bundle-HMOToInsurerBundleExample.html"/></extension><nameUrl value="Bundle-HMOToInsurerBundleExample.html"/><title value="Example: HMO to Insurer Claim Submission Bundle"/><generation value="generated"/></page><page><extension url="http://hl7.org/fhir/tools/StructureDefinition/ig-page-name"><valueUrl value="Bundle-HospitalToHMOClaimBundle.html"/></extension><nameUrl value="Bundle-HospitalToHMOClaimBundle.html"/><title value="Example: Hospital to HMO Claim Bundle"/><generation value="generated"/></page><page><extension url="http://hl7.org/fhir/tools/StructureDefinition/ig-page-name"><valueUrl value="Bundle-PatientToHospitalBundleExample.html"/></extension><nameUrl value="Bundle-PatientToHospitalBundleExample.html"/><title value="Example: Patient to Hospital Interaction Bundle"/><generation value="generated"/></page><page><extension url="http://hl7.org/fhir/tools/StructureDefinition/ig-page-name"><valueUrl value="Bundle-PatientToInsurerBundleExample.html"/></extension><nameUrl value="Bundle-PatientToInsurerBundleExample.html"/><title value="Example: Patient to Insurer Eligibility Check Bundle"/><generation value="generated"/></page><page><extension url="http://hl7.org/fhir/tools/StructureDefinition/ig-page-name"><valueUrl value="Invoice-invoice-001.html"/></extension><nameUrl value="Invoice-invoice-001.html"/><title value="invoice-001"/><generation value="generated"/></page><page><extension url="http://hl7.org/fhir/tools/StructureDefinition/ig-page-name"><valueUrl value="Invoice-invoice-003.html"/></extension><nameUrl value="Invoice-invoice-003.html"/><title value="invoice-003"/><generation value="generated"/></page><page><extension url="http://hl7.org/fhir/tools/StructureDefinition/ig-page-name"><valueUrl value="Observation-observation-001.html"/></extension><nameUrl value="Observation-observation-001.html"/><title value="observation-001"/><generation value="generated"/></page><page><extension url="http://hl7.org/fhir/tools/StructureDefinition/ig-page-name"><valueUrl value="Observation-observation-003.html"/></extension><nameUrl value="Observation-observation-003.html"/><title value="observation-003"/><generation value="generated"/></page><page><extension url="http://hl7.org/fhir/tools/StructureDefinition/ig-page-name"><valueUrl value="Organization-org-hmo.html"/></extension><nameUrl value="Organization-org-hmo.html"/><title value="org-hmo"/><generation value="generated"/></page><page><extension url="http://hl7.org/fhir/tools/StructureDefinition/ig-page-name"><valueUrl value="Organization-org-hmo-2.html"/></extension><nameUrl value="Organization-org-hmo-2.html"/><title value="org-hmo-2"/><generation value="generated"/></page><page><extension url="http://hl7.org/fhir/tools/StructureDefinition/ig-page-name"><valueUrl value="Organization-org-hospital.html"/></extension><nameUrl value="Organization-org-hospital.html"/><title value="org-hospital"/><generation value="generated"/></page><page><extension url="http://hl7.org/fhir/tools/StructureDefinition/ig-page-name"><valueUrl value="Organization-org-hospital-2.html"/></extension><nameUrl value="Organization-org-hospital-2.html"/><title value="org-hospital-2"/><generation value="generated"/></page><page><extension url="http://hl7.org/fhir/tools/StructureDefinition/ig-page-name"><valueUrl value="Organization-org-insurer-2.html"/></extension><nameUrl value="Organization-org-insurer-2.html"/><title value="org-insurer-2"/><generation value="generated"/></page><page><extension url="http://hl7.org/fhir/tools/StructureDefinition/ig-page-name"><valueUrl value="Organization-org-insurer-4.html"/></extension><nameUrl value="Organization-org-insurer-4.html"/><title value="org-insurer-4"/><generation value="generated"/></page><page><extension url="http://hl7.org/fhir/tools/StructureDefinition/ig-page-name"><valueUrl value="Patient-patient-001.html"/></extension><nameUrl value="Patient-patient-001.html"/><title value="patient-001"/><generation value="generated"/></page><page><extension url="http://hl7.org/fhir/tools/StructureDefinition/ig-page-name"><valueUrl value="Patient-patient-002.html"/></extension><nameUrl value="Patient-patient-002.html"/><title value="patient-002"/><generation value="generated"/></page><page><extension url="http://hl7.org/fhir/tools/StructureDefinition/ig-page-name"><valueUrl value="Patient-patient-003.html"/></extension><nameUrl value="Patient-patient-003.html"/><title value="patient-003"/><generation value="generated"/></page><page><extension url="http://hl7.org/fhir/tools/StructureDefinition/ig-page-name"><valueUrl value="Patient-patient-004.html"/></extension><nameUrl value="Patient-patient-004.html"/><title value="patient-004"/><generation value="generated"/></page><page><extension url="http://hl7.org/fhir/tools/StructureDefinition/ig-page-name"><valueUrl value="Practitioner-practitioner-001.html"/></extension><nameUrl value="Practitioner-practitioner-001.html"/><title value="practitioner-001"/><generation value="generated"/></page><page><extension url="http://hl7.org/fhir/tools/StructureDefinition/ig-page-name"><valueUrl value="Practitioner-practitioner-003.html"/></extension><nameUrl value="Practitioner-practitioner-003.html"/><title value="practitioner-003"/><generation value="generated"/></page><page><extension url="http://hl7.org/fhir/tools/StructureDefinition/ig-page-name"><valueUrl value="Procedure-procedure-001.html"/></extension><nameUrl value="Procedure-procedure-001.html"/><title value="procedure-001"/><generation value="generated"/></page><page><extension url="http://hl7.org/fhir/tools/StructureDefinition/ig-page-name"><valueUrl value="Procedure-procedure-003.html"/></extension><nameUrl value="Procedure-procedure-003.html"/><title value="procedure-003"/><generation value="generated"/></page><page><extension url="http://hl7.org/fhir/tools/StructureDefinition/ig-page-name"><valueUrl value="ServiceRequest-service-request-003.html"/></extension><nameUrl value="ServiceRequest-service-request-003.html"/><title value="service-request-003"/><generation value="generated"/></page><page><extension url="http://hl7.org/fhir/tools/StructureDefinition/ig-page-name"><valueUrl value="Task-task-claim-review.html"/></extension><nameUrl value="Task-task-claim-review.html"/><title value="task-claim-review"/><generation value="generated"/></page></page></page><parameter><code value="path-resource"/><value value="input/capabilities"/></parameter><parameter><code value="path-resource"/><value value="input/examples"/></parameter><parameter><code value="path-resource"/><value value="input/extensions"/></parameter><parameter><code value="path-resource"/><value value="input/models"/></parameter><parameter><code value="path-resource"/><value value="input/operations"/></parameter><parameter><code value="path-resource"/><value value="input/profiles"/></parameter><parameter><code value="path-resource"/><value value="input/resources"/></parameter><parameter><code value="path-resource"/><value value="input/vocabulary"/></parameter><parameter><code value="path-resource"/><value value="input/maps"/></parameter><parameter><code value="path-resource"/><value value="input/testing"/></parameter><parameter><code value="path-resource"/><value value="input/history"/></parameter><parameter><code value="path-resource"/><value value="fsh-generated/resources"/></parameter><parameter><code value="path-pages"/><value value="template/config"/></parameter><parameter><code value="path-pages"/><value value="input/images"/></parameter><parameter><code value="path-tx-cache"/><value value="input-cache/txcache"/></parameter></definition></ImplementationGuide>