<?xml version="1.0" encoding="UTF-8"?><ValueSet xmlns="http://hl7.org/fhir"><id value="nigeria-location-owner"/><text><status value="generated"/><div xmlns="http://www.w3.org/1999/xhtml"><p class="res-header-id"><b>Generated Narrative: ValueSet nigeria-location-owner</b></p><a name="nigeria-location-owner"> </a><a name="hcnigeria-location-owner"> </a><ul><li>Include all codes defined in <a href="CodeSystem-nigeria-location-owner-cs.html"><code>https://dhin.org/2025Connectathon/CodeSystem/nigeria-location-owner-cs</code></a></li></ul></div></text><url value="https://dhin.org/2025Connectathon/ValueSet/nigeria-location-owner"/><version value="0.1.0"/><name value="NGOrganizationOwnerVS"/><title value="NG-Imm Location Owner"/><status value="active"/><date value="2025-08-02T14:19:18+01:00"/><publisher value="https://www.dhin-hie.org"/><contact><name value="https://www.dhin-hie.org"/><telecom><system value="url"/><value value="https://www.dhin-hie.org/IGs"/></telecom><telecom><system value="email"/><value value="info@dhin-hie.org"/></telecom></contact><contact><name value="Digital Health Interoperability Network (DHIN)."/><telecom><system value="email"/><value value="info@dhin-hie.org"/><use value="work"/></telecom></contact><description value="The owner of an Immunization location"/><jurisdiction><coding><system value="urn:iso:std:iso:3166"/><code value="NG"/><display value="Nigeria"/></coding></jurisdiction><compose><include><system value="https://dhin.org/2025Connectathon/CodeSystem/nigeria-location-owner-cs"/></include></compose></ValueSet>