<?xml version="1.0" encoding="UTF-8"?>

<Bundle xmlns="http://hl7.org/fhir">
  <id value="PatientToHospitalBundleExample"/>
  <meta>
    <profile value="https://dhin.org/2025Connectathon/StructureDefinition/ng-bundle-patient-to-hospital"/>
  </meta>
  <type value="collection"/>
  <timestamp value="2025-08-02T10:15:00+01:00"/>
  <entry>
    <fullUrl value="urn:uuid:patient-003"/>
    <resource>
      <Patient>
        <id value="patient-003"/>
        <meta>
          <lastUpdated value="2023-05-21T14:36:00+01:00"/>
          <profile value="https://dhin.org/2025Connectathon/StructureDefinition/NgPatient"/>
        </meta>
        <text>
          <status value="generated"/><div xmlns="http://www.w3.org/1999/xhtml"><a name="Patient_patient-003"> </a><p class="res-header-id"><b>Generated Narrative: Patient patient-003</b></p><a name="patient-003"> </a><a name="hcpatient-003"> </a><div style="display: inline-block; background-color: #d9e0e7; padding: 6px; margin: 4px; border: 1px solid #8da1b4; border-radius: 5px; line-height: 60%"><p style="margin-bottom: 0px">Last updated: 2023-05-21 14:36:00+0100</p><p style="margin-bottom: 0px">Profile: <a href="StructureDefinition-NgPatient.html">NG Patient</a></p></div><p style="border: 1px #661aff solid; background-color: #e6e6ff; padding: 10px;">John Doe  Male, DoB: 1995-05-20 ( https://nimc.gov.ng#NIN44556677)</p><hr/></div>
        </text>
        <identifier>
          <system value="https://nimc.gov.ng"/>
          <value value="NIN44556677"/>
        </identifier>
        <name>
          <family value="Doe"/>
          <given value="John"/>
        </name>
        <gender value="male"/>
        <birthDate value="1995-05-20"/>
      </Patient>
    </resource>
  </entry>
  <entry>
    <fullUrl value="urn:uuid:encounter-003"/>
    <resource>
      <Encounter>
        <id value="encounter-003"/>
        <meta>
          <profile value="https://dhin.org/2025Connectathon/StructureDefinition/ng-claim-encounter"/>
        </meta>
        <text>
          <status value="generated"/><div xmlns="http://www.w3.org/1999/xhtml"><a name="Encounter_encounter-003"> </a><p class="res-header-id"><b>Generated Narrative: Encounter encounter-003</b></p><a name="encounter-003"> </a><a name="hcencounter-003"> </a><div style="display: inline-block; background-color: #d9e0e7; padding: 6px; margin: 4px; border: 1px solid #8da1b4; border-radius: 5px; line-height: 60%"><p style="margin-bottom: 0px"/><p style="margin-bottom: 0px">Profile: <a href="StructureDefinition-ng-claim-encounter.html">NG-Claim Encounter</a></p></div><p><b>status</b>: In Progress</p><p><b>class</b>: [not stated] AMB: AMB</p><p><b>subject</b>: <a href="Bundle-PatientToHospitalBundleExample.html#urn-uuid-patient-003">Bundle: type = collection; timestamp = 2025-08-02 10:15:00+0100</a></p><p><b>period</b>: 2025-08-02 09:00:00+0100 --&gt; (ongoing)</p></div>
        </text>
        <status value="in-progress"/>
        <class>
          <code value="AMB"/>
        </class>
        <subject>
          <reference value="urn:uuid:patient-003"/>
        </subject>
        <period>
          <start value="2025-08-02T09:00:00+01:00"/>
        </period>
      </Encounter>
    </resource>
  </entry>
  <entry>
    <fullUrl value="urn:uuid:practitioner-003"/>
    <resource>
      <Practitioner>
        <id value="practitioner-003"/>
        <meta>
          <profile value="https://dhin.org/2025Connectathon/StructureDefinition/NgPractitioner"/>
        </meta>
        <text>
          <status value="generated"/><div xmlns="http://www.w3.org/1999/xhtml"><a name="Practitioner_practitioner-003"> </a><p class="res-header-id"><b>Generated Narrative: Practitioner practitioner-003</b></p><a name="practitioner-003"> </a><a name="hcpractitioner-003"> </a><div style="display: inline-block; background-color: #d9e0e7; padding: 6px; margin: 4px; border: 1px solid #8da1b4; border-radius: 5px; line-height: 60%"><p style="margin-bottom: 0px"/><p style="margin-bottom: 0px">Profile: <a href="StructureDefinition-NgPractitioner.html">NG Practitioner</a></p></div><p><b>identifier</b>: <code>https://mdcn.gov.ng</code>/MDCN334455</p><p><b>name</b>: Grace Ibrahim </p></div>
        </text>
        <identifier>
          <system value="https://mdcn.gov.ng"/>
          <value value="MDCN334455"/>
        </identifier>
        <name>
          <family value="Ibrahim"/>
          <given value="Grace"/>
        </name>
      </Practitioner>
    </resource>
  </entry>
  <entry>
    <fullUrl value="urn:uuid:procedure-003"/>
    <resource>
      <Procedure>
        <id value="procedure-003"/>
        <meta>
          <profile value="https://dhin.org/2025Connectathon/StructureDefinition/ng-claim-procedure"/>
        </meta>
        <text>
          <status value="generated"/><div xmlns="http://www.w3.org/1999/xhtml"><a name="Procedure_procedure-003"> </a><p class="res-header-id"><b>Generated Narrative: Procedure procedure-003</b></p><a name="procedure-003"> </a><a name="hcprocedure-003"> </a><div style="display: inline-block; background-color: #d9e0e7; padding: 6px; margin: 4px; border: 1px solid #8da1b4; border-radius: 5px; line-height: 60%"><p style="margin-bottom: 0px"/><p style="margin-bottom: 0px">Profile: <a href="StructureDefinition-ng-claim-procedure.html">NG Procedure</a></p></div><p><b>status</b>: In Progress</p><p><b>code</b>: <span title="Codes:">Wound dressing</span></p><p><b>subject</b>: <a href="Bundle-PatientToHospitalBundleExample.html#urn-uuid-patient-003">Bundle: type = collection; timestamp = 2025-08-02 10:15:00+0100</a></p><p><b>performed</b>: 2025-08-02 09:30:00+0100</p></div>
        </text>
        <status value="in-progress"/>
        <code>
          <text value="Wound dressing"/>
        </code>
        <subject>
          <reference value="urn:uuid:patient-003"/>
        </subject>
        <performedDateTime value="2025-08-02T09:30:00+01:00"/>
      </Procedure>
    </resource>
  </entry>
  <entry>
    <fullUrl value="urn:uuid:observation-003"/>
    <resource>
      <Observation>
        <id value="observation-003"/>
        <meta>
          <profile value="https://dhin.org/2025Connectathon/StructureDefinition/ng-claim-observation"/>
        </meta>
        <text>
          <status value="generated"/><div xmlns="http://www.w3.org/1999/xhtml"><a name="Observation_observation-003"> </a><p class="res-header-id"><b>Generated Narrative: Observation observation-003</b></p><a name="observation-003"> </a><a name="hcobservation-003"> </a><div style="display: inline-block; background-color: #d9e0e7; padding: 6px; margin: 4px; border: 1px solid #8da1b4; border-radius: 5px; line-height: 60%"><p style="margin-bottom: 0px"/><p style="margin-bottom: 0px">Profile: <a href="StructureDefinition-ng-claim-observation.html">NG-Claim Observation</a></p></div><p><b>status</b>: Final</p><p><b>code</b>: <span title="Codes:">Temperature</span></p><p><b>subject</b>: <a href="Bundle-PatientToHospitalBundleExample.html#urn-uuid-patient-003">Bundle: type = collection; timestamp = 2025-08-02 10:15:00+0100</a></p><p><b>effective</b>: 2025-08-02 09:40:00+0100</p><p><b>value</b>: 37.4 °C</p></div>
        </text>
        <status value="final"/>
        <code>
          <text value="Temperature"/>
        </code>
        <subject>
          <reference value="urn:uuid:patient-003"/>
        </subject>
        <effectiveDateTime value="2025-08-02T09:40:00+01:00"/>
        <valueQuantity>
          <value value="37.4"/>
          <unit value="°C"/>
        </valueQuantity>
      </Observation>
    </resource>
  </entry>
  <entry>
    <fullUrl value="urn:uuid:service-request-003"/>
    <resource>
      <ServiceRequest>
        <id value="service-request-003"/>
        <text>
          <status value="generated"/><div xmlns="http://www.w3.org/1999/xhtml"><a name="ServiceRequest_service-request-003"> </a><p class="res-header-id"><b>Generated Narrative: ServiceRequest service-request-003</b></p><a name="service-request-003"> </a><a name="hcservice-request-003"> </a><p><b>status</b>: Active</p><p><b>intent</b>: Order</p><p><b>code</b>: <span title="Codes:">Malaria test</span></p><p><b>subject</b>: <a href="Bundle-PatientToHospitalBundleExample.html#urn-uuid-patient-003">Bundle: type = collection; timestamp = 2025-08-02 10:15:00+0100</a></p><p><b>authoredOn</b>: 2025-08-02</p></div>
        </text>
        <status value="active"/>
        <intent value="order"/>
        <code>
          <text value="Malaria test"/>
        </code>
        <subject>
          <reference value="urn:uuid:patient-003"/>
        </subject>
        <authoredOn value="2025-08-02"/>
      </ServiceRequest>
    </resource>
  </entry>
  <entry>
    <fullUrl value="urn:uuid:invoice-003"/>
    <resource>
      <Invoice>
        <id value="invoice-003"/>
        <meta>
          <profile value="https://dhin.org/2025Connectathon/StructureDefinition/ng-claim-invoice"/>
        </meta>
        <text>
          <status value="generated"/><div xmlns="http://www.w3.org/1999/xhtml"><a name="Invoice_invoice-003"> </a><p class="res-header-id"><b>Generated Narrative: Invoice invoice-003</b></p><a name="invoice-003"> </a><a name="hcinvoice-003"> </a><div style="display: inline-block; background-color: #d9e0e7; padding: 6px; margin: 4px; border: 1px solid #8da1b4; border-radius: 5px; line-height: 60%"><p style="margin-bottom: 0px"/><p style="margin-bottom: 0px">Profile: <a href="StructureDefinition-ng-claim-invoice.html">NG-Claim Invoice</a></p></div><p><b>status</b>: draft</p><p><b>subject</b>: <a href="Patient-patient-003.html">John Doe  Male, DoB: 1995-05-20 ( https://nimc.gov.ng#NIN44556677)</a></p><p><b>date</b>: 2025-08-02</p><h3>TotalNets</h3><table class="grid"><tr><td style="display: none">-</td><td><b>Value</b></td><td><b>Currency</b></td></tr><tr><td style="display: none">*</td><td>8000</td><td>Nigerian naira</td></tr></table></div>
        </text>
        <status value="draft"/>
        <subject>
          <reference value="Patient/patient-003"/>
        </subject>
        <date value="2025-08-02"/>
        <totalNet>
          <value value="8000"/>
          <currency value="NGN"/>
        </totalNet>
      </Invoice>
    </resource>
  </entry>
  <entry>
    <fullUrl value="urn:uuid:org-hospital"/>
    <resource>
      <Organization>
        <id value="org-hospital-2"/>
        <meta>
          <profile value="https://dhin.org/2025Connectathon/StructureDefinition/ng-imm-organization"/>
        </meta>
        <text>
          <status value="generated"/><div xmlns="http://www.w3.org/1999/xhtml"><a name="Organization_org-hospital-2"> </a><p class="res-header-id"><b>Generated Narrative: Organization org-hospital-2</b></p><a name="org-hospital-2"> </a><a name="hcorg-hospital-2"> </a><div style="display: inline-block; background-color: #d9e0e7; padding: 6px; margin: 4px; border: 1px solid #8da1b4; border-radius: 5px; line-height: 60%"><p style="margin-bottom: 0px"/><p style="margin-bottom: 0px">Profile: <a href="StructureDefinition-ng-imm-organization.html">NG Organization</a></p></div><p><b>identifier</b>: <code>https://herfama.lagos.ng</code>/HF123</p><p><b>type</b>: <span title="Codes:">prov</span></p><p><b>name</b>: St. Raphael Hospital</p><p><b>address</b>: 22 Raymond Street Ikeja Lagos </p></div>
        </text>
        <identifier>
          <system value="https://herfama.lagos.ng"/>
          <value value="HF123"/>
        </identifier>
        <type>
          <coding>
            <code value="prov"/>
          </coding>
        </type>
        <name value="St. Raphael Hospital"/>
        <address>
          <line value="22 Raymond Street"/>
          <city value="Ikeja"/>
          <district value="ikeja"/>
          <state value="Lagos"/>
        </address>
      </Organization>
    </resource>
  </entry>
</Bundle>