[
  {
    "id" : "nigeria-facility-type",
    "type" : "CodeSystem",
    "url" : "https://dhin.org/2025Connectathon/CodeSystem/nigeria-facility-type",
    "version" : "0.1.0",
    "name" : "NGFacilityTypeCS"
  },
  {
    "id" : "nigeria-gender",
    "type" : "CodeSystem",
    "url" : "https://dhin.org/2025Connectathon/CodeSystem/nigeria-gender",
    "version" : "0.1.0",
    "name" : "NGGenderCS"
  },
  {
    "id" : "nigeria-languages",
    "type" : "CodeSystem",
    "url" : "https://dhin.org/2025Connectathon/CodeSystem/nigeria-languages",
    "version" : "0.1.0",
    "name" : "NGLanguagesCS"
  },
  {
    "id" : "nigeria-lgas",
    "type" : "CodeSystem",
    "url" : "https://dhin.org/2025Connectathon/CodeSystem/nigeria-lgas",
    "version" : "0.1.0",
    "name" : "NGLGAsCS"
  },
  {
    "id" : "nigeria-location-owner-cs",
    "type" : "CodeSystem",
    "url" : "https://dhin.org/2025Connectathon/CodeSystem/nigeria-location-owner-cs",
    "version" : "0.1.0",
    "name" : "NGOrganizationOwnerCS"
  },
  {
    "id" : "nigeria-states",
    "type" : "CodeSystem",
    "url" : "https://dhin.org/2025Connectathon/CodeSystem/nigeria-states",
    "version" : "0.1.0",
    "name" : "NGStatesCS"
  },
  {
    "id" : "nigeria-wards",
    "type" : "CodeSystem",
    "url" : "https://dhin.org/2025Connectathon/CodeSystem/nigeria-wards",
    "version" : "0.1.0",
    "name" : "NGWardsCS"
  },
  {
    "id" : "2025connectathonClaims",
    "type" : "ImplementationGuide",
    "url" : "https://dhin.org/2025Connectathon/ImplementationGuide/2025connectathonClaims",
    "version" : "0.1.0",
    "name" : "DHIN2025connectathonclaims"
  },
  {
    "id" : "NgPatient",
    "type" : "StructureDefinition",
    "url" : "https://dhin.org/2025Connectathon/StructureDefinition/NgPatient",
    "version" : "0.1.0",
    "name" : "NgPatient"
  },
  {
    "id" : "NgPractitioner",
    "type" : "StructureDefinition",
    "url" : "https://dhin.org/2025Connectathon/StructureDefinition/NgPractitioner",
    "version" : "0.1.0",
    "name" : "NgPractitioner"
  },
  {
    "id" : "ng-bundle-hmo-to-insurer",
    "type" : "StructureDefinition",
    "url" : "https://dhin.org/2025Connectathon/StructureDefinition/ng-bundle-hmo-to-insurer",
    "version" : "0.1.0",
    "name" : "NgBundleHMOToInsurer"
  },
  {
    "id" : "ng-bundle-hospital-to-hmo",
    "type" : "StructureDefinition",
    "url" : "https://dhin.org/2025Connectathon/StructureDefinition/ng-bundle-hospital-to-hmo",
    "version" : "0.1.0",
    "name" : "NgBundleHospitalToHMO"
  },
  {
    "id" : "ng-bundle-patient-to-hospital",
    "type" : "StructureDefinition",
    "url" : "https://dhin.org/2025Connectathon/StructureDefinition/ng-bundle-patient-to-hospital",
    "version" : "0.1.0",
    "name" : "NgBundlePatientToHospital"
  },
  {
    "id" : "ng-bundle-patient-to-insurer",
    "type" : "StructureDefinition",
    "url" : "https://dhin.org/2025Connectathon/StructureDefinition/ng-bundle-patient-to-insurer",
    "version" : "0.1.0",
    "name" : "NgBundlePatientToInsurer"
  },
  {
    "id" : "ng-claim",
    "type" : "StructureDefinition",
    "url" : "https://dhin.org/2025Connectathon/StructureDefinition/ng-claim",
    "version" : "0.1.0",
    "name" : "NgClaim"
  },
  {
    "id" : "ng-claim-coverage",
    "type" : "StructureDefinition",
    "url" : "https://dhin.org/2025Connectathon/StructureDefinition/ng-claim-coverage",
    "version" : "0.1.0",
    "name" : "NgClaimCoverage"
  },
  {
    "id" : "ng-claim-encounter",
    "type" : "StructureDefinition",
    "url" : "https://dhin.org/2025Connectathon/StructureDefinition/ng-claim-encounter",
    "version" : "0.1.0",
    "name" : "NgClaimEncounter"
  },
  {
    "id" : "ng-claim-invoice",
    "type" : "StructureDefinition",
    "url" : "https://dhin.org/2025Connectathon/StructureDefinition/ng-claim-invoice",
    "version" : "0.1.0",
    "name" : "NgClaimInvoice"
  },
  {
    "id" : "ng-claim-observation",
    "type" : "StructureDefinition",
    "url" : "https://dhin.org/2025Connectathon/StructureDefinition/ng-claim-observation",
    "version" : "0.1.0",
    "name" : "NgClaimObservation"
  },
  {
    "id" : "ng-claim-practitionerrole",
    "type" : "StructureDefinition",
    "url" : "https://dhin.org/2025Connectathon/StructureDefinition/ng-claim-practitionerrole",
    "version" : "0.1.0",
    "name" : "NgPractitionerRole"
  },
  {
    "id" : "ng-claim-procedure",
    "type" : "StructureDefinition",
    "url" : "https://dhin.org/2025Connectathon/StructureDefinition/ng-claim-procedure",
    "version" : "0.1.0",
    "name" : "NgClaimProcedure"
  },
  {
    "id" : "ng-claim-task",
    "type" : "StructureDefinition",
    "url" : "https://dhin.org/2025Connectathon/StructureDefinition/ng-claim-task",
    "version" : "0.1.0",
    "name" : "NgClaimTask"
  },
  {
    "id" : "ng-claimresponse",
    "type" : "StructureDefinition",
    "url" : "https://dhin.org/2025Connectathon/StructureDefinition/ng-claimresponse",
    "version" : "0.1.0",
    "name" : "NgClaimResponse"
  },
  {
    "id" : "ng-eligibility-request",
    "type" : "StructureDefinition",
    "url" : "https://dhin.org/2025Connectathon/StructureDefinition/ng-eligibility-request",
    "version" : "0.1.0",
    "name" : "NgCoverageEligibilityRequest"
  },
  {
    "id" : "ng-eligibility-response",
    "type" : "StructureDefinition",
    "url" : "https://dhin.org/2025Connectathon/StructureDefinition/ng-eligibility-response",
    "version" : "0.1.0",
    "name" : "NgCoverageEligibilityResponse"
  },
  {
    "id" : "ng-explanationofbenefit",
    "type" : "StructureDefinition",
    "url" : "https://dhin.org/2025Connectathon/StructureDefinition/ng-explanationofbenefit",
    "version" : "0.1.0",
    "name" : "NgExplanationOfBenefit"
  },
  {
    "id" : "ng-imm-organization",
    "type" : "StructureDefinition",
    "url" : "https://dhin.org/2025Connectathon/StructureDefinition/ng-imm-organization",
    "version" : "0.1.0",
    "name" : "NgOrganization"
  },
  {
    "id" : "nigeria-facility-types",
    "type" : "ValueSet",
    "url" : "https://dhin.org/2025Connectathon/ValueSet/nigeria-facility-types",
    "version" : "0.1.0",
    "name" : "NGFacilityTypeVS"
  },
  {
    "id" : "nigeria-gender",
    "type" : "ValueSet",
    "url" : "https://dhin.org/2025Connectathon/ValueSet/nigeria-gender",
    "version" : "0.1.0",
    "name" : "NGGenderVS"
  },
  {
    "id" : "nigeria-languages",
    "type" : "ValueSet",
    "url" : "https://dhin.org/2025Connectathon/ValueSet/nigeria-languages",
    "version" : "0.1.0",
    "name" : "NGLanguagesVS"
  },
  {
    "id" : "nigeria-lgas",
    "type" : "ValueSet",
    "url" : "https://dhin.org/2025Connectathon/ValueSet/nigeria-lgas",
    "version" : "0.1.0",
    "name" : "NGLGAsVS"
  },
  {
    "id" : "nigeria-location-owner",
    "type" : "ValueSet",
    "url" : "https://dhin.org/2025Connectathon/ValueSet/nigeria-location-owner",
    "version" : "0.1.0",
    "name" : "NGOrganizationOwnerVS"
  },
  {
    "id" : "nigeria-states",
    "type" : "ValueSet",
    "url" : "https://dhin.org/2025Connectathon/ValueSet/nigeria-states",
    "version" : "0.1.0",
    "name" : "NGStatesVS"
  },
  {
    "id" : "nigeria-wards",
    "type" : "ValueSet",
    "url" : "https://dhin.org/2025Connectathon/ValueSet/nigeria-wards",
    "version" : "0.1.0",
    "name" : "NGWardsVS"
  }
]
