{
  "resourceType" : "CoverageEligibilityRequest",
  "id" : "eligibility-request-004",
  "meta" : {
    "profile" : ["https://dhin.org/2025Connectathon/StructureDefinition/ng-eligibility-request"]
  },
  "text" : {
    "status" : "generated",
    "div" : "<div xmlns=\"http://www.w3.org/1999/xhtml\"><p class=\"res-header-id\"><b>Generated Narrative: CoverageEligibilityRequest eligibility-request-004</b></p><a name=\"eligibility-request-004\"> </a><a name=\"hceligibility-request-004\"> </a><div style=\"display: inline-block; background-color: #d9e0e7; padding: 6px; margin: 4px; border: 1px solid #8da1b4; border-radius: 5px; line-height: 60%\"><p style=\"margin-bottom: 0px\"/><p style=\"margin-bottom: 0px\">Profile: <a href=\"StructureDefinition-ng-eligibility-request.html\">NG-CoverageEligibilityRequest</a></p></div><p><b>status</b>: Active</p><p><b>purpose</b>: familycoverage</p><p><b>patient</b>: <a href=\"Bundle-PatientToInsurerBundleExample.html#urn-uuid-patient-004\">Bundle: type = collection; timestamp = 2025-08-03 11:00:00+0100</a></p><p><b>created</b>: 2025-08-02</p><p><b>insurer</b>: <a href=\"Bundle-HMOToInsurerBundleExample.html#urn-uuid-org-insurer\">Bundle: type = collection; timestamp = 2025-08-01 09:00:00+0100</a></p><h3>Insurances</h3><table class=\"grid\"><tr><td style=\"display: none\">-</td><td><b>Coverage</b></td></tr><tr><td style=\"display: none\">*</td><td><a href=\"Bundle-PatientToInsurerBundleExample.html#urn-uuid-coverage-004\">Bundle: type = collection; timestamp = 2025-08-03 11:00:00+0100</a></td></tr></table></div>"
  },
  "status" : "active",
  "purpose" : ["familycoverage"],
  "patient" : {
    "reference" : "urn:uuid:patient-004"
  },
  "created" : "2025-08-02",
  "insurer" : {
    "reference" : "urn:uuid:org-insurer"
  },
  "insurance" : [{
    "coverage" : {
      "reference" : "urn:uuid:coverage-004"
    }
  }]
}