{
  "resourceType" : "Encounter",
  "id" : "encounter-001",
  "meta" : {
    "profile" : ["https://dhin.org/2025Connectathon/StructureDefinition/ng-claim-encounter"]
  },
  "text" : {
    "status" : "generated",
    "div" : "<div xmlns=\"http://www.w3.org/1999/xhtml\"><p class=\"res-header-id\"><b>Generated Narrative: Encounter encounter-001</b></p><a name=\"encounter-001\"> </a><a name=\"hcencounter-001\"> </a><div style=\"display: inline-block; background-color: #d9e0e7; padding: 6px; margin: 4px; border: 1px solid #8da1b4; border-radius: 5px; line-height: 60%\"><p style=\"margin-bottom: 0px\"/><p style=\"margin-bottom: 0px\">Profile: <a href=\"StructureDefinition-ng-claim-encounter.html\">NG-Claim Encounter</a></p></div><p><b>status</b>: Finished</p><p><b>class</b>: [not stated] AMB: AMB</p><p><b>subject</b>: <a href=\"Bundle-HospitalToHMOClaimBundle.html#urn-uuid-patient-001\">Bundle: type = collection; timestamp = 2025-07-30 08:00:00+0100</a></p><p><b>period</b>: 2025-07-27 10:00:00+0100 --&gt; 2025-07-27 11:00:00+0100</p></div>"
  },
  "status" : "finished",
  "class" : {
    "code" : "AMB"
  },
  "subject" : {
    "reference" : "urn:uuid:patient-001"
  },
  "period" : {
    "start" : "2025-07-27T10:00:00+01:00",
    "end" : "2025-07-27T11:00:00+01:00"
  }
}