{
  "resourceType" : "ImplementationGuide",
  "id" : "2025connectathonClaims",
  "text" : {
    "status" : "generated",
    "div" : "<div xmlns=\"http://www.w3.org/1999/xhtml\"><p class=\"res-header-id\"><b>Generated Narrative: ImplementationGuide 2025connectathonClaims</b></p><a name=\"2025connectathonClaims\"> </a><a name=\"hc2025connectathonClaims\"> </a><h2>DHIN2025connectathonclaims</h2><p>The official URL for this implementation guide is: </p><pre>https://dhin.org/2025Connectathon/ImplementationGuide/2025connectathonClaims</pre><div><p>Implementation Guide for testing Claims</p>\n</div></div>"
  },
  "url" : "https://dhin.org/2025Connectathon/ImplementationGuide/2025connectathonClaims",
  "version" : "0.1.0",
  "name" : "DHIN2025connectathonclaims",
  "title" : "DHIN 2025 connectathon claims testing",
  "status" : "draft",
  "date" : "2025-08-02T14:19:18+01:00",
  "publisher" : "https://www.dhin-hie.org",
  "contact" : [{
    "name" : "https://www.dhin-hie.org",
    "telecom" : [{
      "system" : "url",
      "value" : "https://www.dhin-hie.org/IGs"
    },
    {
      "system" : "email",
      "value" : "info@dhin-hie.org"
    }]
  },
  {
    "name" : "Digital Health Interoperability Network (DHIN).",
    "telecom" : [{
      "system" : "email",
      "value" : "info@dhin-hie.org",
      "use" : "work"
    }]
  }],
  "description" : "Implementation Guide for testing Claims",
  "jurisdiction" : [{
    "coding" : [{
      "system" : "urn:iso:std:iso:3166",
      "code" : "NG",
      "display" : "Nigeria"
    }]
  }],
  "packageId" : "2025connectathonClaims",
  "license" : "CC0-1.0",
  "fhirVersion" : ["4.0.1"],
  "dependsOn" : [{
    "id" : "hl7tx",
    "extension" : [{
      "url" : "http://hl7.org/fhir/tools/StructureDefinition/implementationguide-dependency-comment",
      "valueMarkdown" : "Automatically added as a dependency - all IGs depend on HL7 Terminology"
    }],
    "uri" : "http://terminology.hl7.org/ImplementationGuide/hl7.terminology",
    "packageId" : "hl7.terminology.r4",
    "version" : "6.5.0"
  },
  {
    "id" : "hl7ext",
    "extension" : [{
      "url" : "http://hl7.org/fhir/tools/StructureDefinition/implementationguide-dependency-comment",
      "valueMarkdown" : "Automatically added as a dependency - all IGs depend on the HL7 Extension Pack"
    }],
    "uri" : "http://hl7.org/fhir/extensions/ImplementationGuide/hl7.fhir.uv.extensions",
    "packageId" : "hl7.fhir.uv.extensions.r4",
    "version" : "5.3.0-ballot-tc"
  }],
  "definition" : {
    "extension" : [{
      "extension" : [{
        "url" : "code",
        "valueString" : "copyrightyear"
      },
      {
        "url" : "value",
        "valueString" : "2025+"
      }],
      "url" : "http://hl7.org/fhir/tools/StructureDefinition/ig-parameter"
    },
    {
      "extension" : [{
        "url" : "code",
        "valueString" : "releaselabel"
      },
      {
        "url" : "value",
        "valueString" : "draft"
      }],
      "url" : "http://hl7.org/fhir/tools/StructureDefinition/ig-parameter"
    },
    {
      "extension" : [{
        "url" : "code",
        "valueString" : "autoload-resources"
      },
      {
        "url" : "value",
        "valueString" : "true"
      }],
      "url" : "http://hl7.org/fhir/tools/StructureDefinition/ig-parameter"
    },
    {
      "extension" : [{
        "url" : "code",
        "valueString" : "path-liquid"
      },
      {
        "url" : "value",
        "valueString" : "template/liquid"
      }],
      "url" : "http://hl7.org/fhir/tools/StructureDefinition/ig-parameter"
    },
    {
      "extension" : [{
        "url" : "code",
        "valueString" : "path-liquid"
      },
      {
        "url" : "value",
        "valueString" : "input/liquid"
      }],
      "url" : "http://hl7.org/fhir/tools/StructureDefinition/ig-parameter"
    },
    {
      "extension" : [{
        "url" : "code",
        "valueString" : "path-qa"
      },
      {
        "url" : "value",
        "valueString" : "temp/qa"
      }],
      "url" : "http://hl7.org/fhir/tools/StructureDefinition/ig-parameter"
    },
    {
      "extension" : [{
        "url" : "code",
        "valueString" : "path-temp"
      },
      {
        "url" : "value",
        "valueString" : "temp/pages"
      }],
      "url" : "http://hl7.org/fhir/tools/StructureDefinition/ig-parameter"
    },
    {
      "extension" : [{
        "url" : "code",
        "valueString" : "path-output"
      },
      {
        "url" : "value",
        "valueString" : "output"
      }],
      "url" : "http://hl7.org/fhir/tools/StructureDefinition/ig-parameter"
    },
    {
      "extension" : [{
        "url" : "code",
        "valueString" : "path-suppressed-warnings"
      },
      {
        "url" : "value",
        "valueString" : "input/ignoreWarnings.txt"
      }],
      "url" : "http://hl7.org/fhir/tools/StructureDefinition/ig-parameter"
    },
    {
      "extension" : [{
        "url" : "code",
        "valueString" : "path-history"
      },
      {
        "url" : "value",
        "valueString" : "https://dhin.org/2025Connectathon/history.html"
      }],
      "url" : "http://hl7.org/fhir/tools/StructureDefinition/ig-parameter"
    },
    {
      "extension" : [{
        "url" : "code",
        "valueString" : "template-html"
      },
      {
        "url" : "value",
        "valueString" : "template-page.html"
      }],
      "url" : "http://hl7.org/fhir/tools/StructureDefinition/ig-parameter"
    },
    {
      "extension" : [{
        "url" : "code",
        "valueString" : "template-md"
      },
      {
        "url" : "value",
        "valueString" : "template-page-md.html"
      }],
      "url" : "http://hl7.org/fhir/tools/StructureDefinition/ig-parameter"
    },
    {
      "extension" : [{
        "url" : "code",
        "valueString" : "apply-contact"
      },
      {
        "url" : "value",
        "valueString" : "true"
      }],
      "url" : "http://hl7.org/fhir/tools/StructureDefinition/ig-parameter"
    },
    {
      "extension" : [{
        "url" : "code",
        "valueString" : "apply-context"
      },
      {
        "url" : "value",
        "valueString" : "true"
      }],
      "url" : "http://hl7.org/fhir/tools/StructureDefinition/ig-parameter"
    },
    {
      "extension" : [{
        "url" : "code",
        "valueString" : "apply-copyright"
      },
      {
        "url" : "value",
        "valueString" : "true"
      }],
      "url" : "http://hl7.org/fhir/tools/StructureDefinition/ig-parameter"
    },
    {
      "extension" : [{
        "url" : "code",
        "valueString" : "apply-jurisdiction"
      },
      {
        "url" : "value",
        "valueString" : "true"
      }],
      "url" : "http://hl7.org/fhir/tools/StructureDefinition/ig-parameter"
    },
    {
      "extension" : [{
        "url" : "code",
        "valueString" : "apply-license"
      },
      {
        "url" : "value",
        "valueString" : "true"
      }],
      "url" : "http://hl7.org/fhir/tools/StructureDefinition/ig-parameter"
    },
    {
      "extension" : [{
        "url" : "code",
        "valueString" : "apply-publisher"
      },
      {
        "url" : "value",
        "valueString" : "true"
      }],
      "url" : "http://hl7.org/fhir/tools/StructureDefinition/ig-parameter"
    },
    {
      "extension" : [{
        "url" : "code",
        "valueString" : "apply-version"
      },
      {
        "url" : "value",
        "valueString" : "true"
      }],
      "url" : "http://hl7.org/fhir/tools/StructureDefinition/ig-parameter"
    },
    {
      "extension" : [{
        "url" : "code",
        "valueString" : "apply-wg"
      },
      {
        "url" : "value",
        "valueString" : "true"
      }],
      "url" : "http://hl7.org/fhir/tools/StructureDefinition/ig-parameter"
    },
    {
      "extension" : [{
        "url" : "code",
        "valueString" : "active-tables"
      },
      {
        "url" : "value",
        "valueString" : "true"
      }],
      "url" : "http://hl7.org/fhir/tools/StructureDefinition/ig-parameter"
    },
    {
      "extension" : [{
        "url" : "code",
        "valueString" : "fmm-definition"
      },
      {
        "url" : "value",
        "valueString" : "http://hl7.org/fhir/versions.html#maturity"
      }],
      "url" : "http://hl7.org/fhir/tools/StructureDefinition/ig-parameter"
    },
    {
      "extension" : [{
        "url" : "code",
        "valueString" : "propagate-status"
      },
      {
        "url" : "value",
        "valueString" : "true"
      }],
      "url" : "http://hl7.org/fhir/tools/StructureDefinition/ig-parameter"
    },
    {
      "extension" : [{
        "url" : "code",
        "valueString" : "excludelogbinaryformat"
      },
      {
        "url" : "value",
        "valueString" : "true"
      }],
      "url" : "http://hl7.org/fhir/tools/StructureDefinition/ig-parameter"
    },
    {
      "extension" : [{
        "url" : "code",
        "valueString" : "tabbed-snapshots"
      },
      {
        "url" : "value",
        "valueString" : "true"
      }],
      "url" : "http://hl7.org/fhir/tools/StructureDefinition/ig-parameter"
    },
    {
      "url" : "http://hl7.org/fhir/tools/StructureDefinition/ig-internal-dependency",
      "valueCode" : "hl7.fhir.uv.tools.r4#0.7.1"
    },
    {
      "extension" : [{
        "url" : "code",
        "valueCode" : "copyrightyear"
      },
      {
        "url" : "value",
        "valueString" : "2025+"
      }],
      "url" : "http://hl7.org/fhir/tools/StructureDefinition/ig-parameter"
    },
    {
      "extension" : [{
        "url" : "code",
        "valueCode" : "releaselabel"
      },
      {
        "url" : "value",
        "valueString" : "draft"
      }],
      "url" : "http://hl7.org/fhir/tools/StructureDefinition/ig-parameter"
    },
    {
      "extension" : [{
        "url" : "code",
        "valueCode" : "autoload-resources"
      },
      {
        "url" : "value",
        "valueString" : "true"
      }],
      "url" : "http://hl7.org/fhir/tools/StructureDefinition/ig-parameter"
    },
    {
      "extension" : [{
        "url" : "code",
        "valueCode" : "path-liquid"
      },
      {
        "url" : "value",
        "valueString" : "template/liquid"
      }],
      "url" : "http://hl7.org/fhir/tools/StructureDefinition/ig-parameter"
    },
    {
      "extension" : [{
        "url" : "code",
        "valueCode" : "path-liquid"
      },
      {
        "url" : "value",
        "valueString" : "input/liquid"
      }],
      "url" : "http://hl7.org/fhir/tools/StructureDefinition/ig-parameter"
    },
    {
      "extension" : [{
        "url" : "code",
        "valueCode" : "path-qa"
      },
      {
        "url" : "value",
        "valueString" : "temp/qa"
      }],
      "url" : "http://hl7.org/fhir/tools/StructureDefinition/ig-parameter"
    },
    {
      "extension" : [{
        "url" : "code",
        "valueCode" : "path-temp"
      },
      {
        "url" : "value",
        "valueString" : "temp/pages"
      }],
      "url" : "http://hl7.org/fhir/tools/StructureDefinition/ig-parameter"
    },
    {
      "extension" : [{
        "url" : "code",
        "valueCode" : "path-output"
      },
      {
        "url" : "value",
        "valueString" : "output"
      }],
      "url" : "http://hl7.org/fhir/tools/StructureDefinition/ig-parameter"
    },
    {
      "extension" : [{
        "url" : "code",
        "valueCode" : "path-suppressed-warnings"
      },
      {
        "url" : "value",
        "valueString" : "input/ignoreWarnings.txt"
      }],
      "url" : "http://hl7.org/fhir/tools/StructureDefinition/ig-parameter"
    },
    {
      "extension" : [{
        "url" : "code",
        "valueCode" : "path-history"
      },
      {
        "url" : "value",
        "valueString" : "https://dhin.org/2025Connectathon/history.html"
      }],
      "url" : "http://hl7.org/fhir/tools/StructureDefinition/ig-parameter"
    },
    {
      "extension" : [{
        "url" : "code",
        "valueCode" : "template-html"
      },
      {
        "url" : "value",
        "valueString" : "template-page.html"
      }],
      "url" : "http://hl7.org/fhir/tools/StructureDefinition/ig-parameter"
    },
    {
      "extension" : [{
        "url" : "code",
        "valueCode" : "template-md"
      },
      {
        "url" : "value",
        "valueString" : "template-page-md.html"
      }],
      "url" : "http://hl7.org/fhir/tools/StructureDefinition/ig-parameter"
    },
    {
      "extension" : [{
        "url" : "code",
        "valueCode" : "apply-contact"
      },
      {
        "url" : "value",
        "valueString" : "true"
      }],
      "url" : "http://hl7.org/fhir/tools/StructureDefinition/ig-parameter"
    },
    {
      "extension" : [{
        "url" : "code",
        "valueCode" : "apply-context"
      },
      {
        "url" : "value",
        "valueString" : "true"
      }],
      "url" : "http://hl7.org/fhir/tools/StructureDefinition/ig-parameter"
    },
    {
      "extension" : [{
        "url" : "code",
        "valueCode" : "apply-copyright"
      },
      {
        "url" : "value",
        "valueString" : "true"
      }],
      "url" : "http://hl7.org/fhir/tools/StructureDefinition/ig-parameter"
    },
    {
      "extension" : [{
        "url" : "code",
        "valueCode" : "apply-jurisdiction"
      },
      {
        "url" : "value",
        "valueString" : "true"
      }],
      "url" : "http://hl7.org/fhir/tools/StructureDefinition/ig-parameter"
    },
    {
      "extension" : [{
        "url" : "code",
        "valueCode" : "apply-license"
      },
      {
        "url" : "value",
        "valueString" : "true"
      }],
      "url" : "http://hl7.org/fhir/tools/StructureDefinition/ig-parameter"
    },
    {
      "extension" : [{
        "url" : "code",
        "valueCode" : "apply-publisher"
      },
      {
        "url" : "value",
        "valueString" : "true"
      }],
      "url" : "http://hl7.org/fhir/tools/StructureDefinition/ig-parameter"
    },
    {
      "extension" : [{
        "url" : "code",
        "valueCode" : "apply-version"
      },
      {
        "url" : "value",
        "valueString" : "true"
      }],
      "url" : "http://hl7.org/fhir/tools/StructureDefinition/ig-parameter"
    },
    {
      "extension" : [{
        "url" : "code",
        "valueCode" : "apply-wg"
      },
      {
        "url" : "value",
        "valueString" : "true"
      }],
      "url" : "http://hl7.org/fhir/tools/StructureDefinition/ig-parameter"
    },
    {
      "extension" : [{
        "url" : "code",
        "valueCode" : "active-tables"
      },
      {
        "url" : "value",
        "valueString" : "true"
      }],
      "url" : "http://hl7.org/fhir/tools/StructureDefinition/ig-parameter"
    },
    {
      "extension" : [{
        "url" : "code",
        "valueCode" : "fmm-definition"
      },
      {
        "url" : "value",
        "valueString" : "http://hl7.org/fhir/versions.html#maturity"
      }],
      "url" : "http://hl7.org/fhir/tools/StructureDefinition/ig-parameter"
    },
    {
      "extension" : [{
        "url" : "code",
        "valueCode" : "propagate-status"
      },
      {
        "url" : "value",
        "valueString" : "true"
      }],
      "url" : "http://hl7.org/fhir/tools/StructureDefinition/ig-parameter"
    },
    {
      "extension" : [{
        "url" : "code",
        "valueCode" : "excludelogbinaryformat"
      },
      {
        "url" : "value",
        "valueString" : "true"
      }],
      "url" : "http://hl7.org/fhir/tools/StructureDefinition/ig-parameter"
    },
    {
      "extension" : [{
        "url" : "code",
        "valueCode" : "tabbed-snapshots"
      },
      {
        "url" : "value",
        "valueString" : "true"
      }],
      "url" : "http://hl7.org/fhir/tools/StructureDefinition/ig-parameter"
    }],
    "resource" : [{
      "extension" : [{
        "url" : "http://hl7.org/fhir/tools/StructureDefinition/resource-information",
        "valueString" : "StructureDefinition:resource"
      }],
      "reference" : {
        "reference" : "StructureDefinition/ng-bundle-hospital-to-hmo"
      },
      "name" : "1-NG-Bundle: Hospital to HMO (Claim Submission)",
      "description" : "Bundle used by a healthcare provider (hospital) to submit a claim to an HMO for services rendered.",
      "exampleBoolean" : false
    },
    {
      "extension" : [{
        "url" : "http://hl7.org/fhir/tools/StructureDefinition/resource-information",
        "valueString" : "StructureDefinition:resource"
      }],
      "reference" : {
        "reference" : "StructureDefinition/ng-bundle-hmo-to-insurer"
      },
      "name" : "2-NG-Bundle: HMO to Insurer",
      "description" : "Bundle representing communication from HMO to Insurance Organization for claim adjudication or reporting.",
      "exampleBoolean" : false
    },
    {
      "extension" : [{
        "url" : "http://hl7.org/fhir/tools/StructureDefinition/resource-information",
        "valueString" : "StructureDefinition:resource"
      }],
      "reference" : {
        "reference" : "StructureDefinition/ng-bundle-patient-to-hospital"
      },
      "name" : "3-NG-Bundle: Patient to Hospital",
      "description" : "Bundle representing patient registration and care events with a hospital. Used for service documentation, referrals, or internal claim preparation.",
      "exampleBoolean" : false
    },
    {
      "extension" : [{
        "url" : "http://hl7.org/fhir/tools/StructureDefinition/resource-information",
        "valueString" : "StructureDefinition:resource"
      }],
      "reference" : {
        "reference" : "StructureDefinition/ng-bundle-patient-to-insurer"
      },
      "name" : "4-NG-Bundle: Patient to Insurer",
      "description" : "Bundle representing patient-initiated interaction with insurer, such as eligibility verification or coverage inquiry.",
      "exampleBoolean" : false
    },
    {
      "extension" : [{
        "url" : "http://hl7.org/fhir/tools/StructureDefinition/resource-information",
        "valueString" : "Claim"
      }],
      "reference" : {
        "reference" : "Claim/claim-001"
      },
      "name" : "claim-001",
      "exampleCanonical" : "https://dhin.org/2025Connectathon/StructureDefinition/ng-claim"
    },
    {
      "extension" : [{
        "url" : "http://hl7.org/fhir/tools/StructureDefinition/resource-information",
        "valueString" : "Claim"
      }],
      "reference" : {
        "reference" : "Claim/claim-002"
      },
      "name" : "claim-002",
      "exampleCanonical" : "https://dhin.org/2025Connectathon/StructureDefinition/ng-claim"
    },
    {
      "extension" : [{
        "url" : "http://hl7.org/fhir/tools/StructureDefinition/resource-information",
        "valueString" : "Coverage"
      }],
      "reference" : {
        "reference" : "Coverage/coverage-001"
      },
      "name" : "coverage-001",
      "exampleCanonical" : "https://dhin.org/2025Connectathon/StructureDefinition/ng-claim-coverage"
    },
    {
      "extension" : [{
        "url" : "http://hl7.org/fhir/tools/StructureDefinition/resource-information",
        "valueString" : "Coverage"
      }],
      "reference" : {
        "reference" : "Coverage/coverage-002"
      },
      "name" : "coverage-002",
      "exampleCanonical" : "https://dhin.org/2025Connectathon/StructureDefinition/ng-claim-coverage"
    },
    {
      "extension" : [{
        "url" : "http://hl7.org/fhir/tools/StructureDefinition/resource-information",
        "valueString" : "Coverage"
      }],
      "reference" : {
        "reference" : "Coverage/coverage-004"
      },
      "name" : "coverage-004",
      "exampleCanonical" : "https://dhin.org/2025Connectathon/StructureDefinition/ng-claim-coverage"
    },
    {
      "extension" : [{
        "url" : "http://hl7.org/fhir/tools/StructureDefinition/resource-information",
        "valueString" : "CoverageEligibilityRequest"
      }],
      "reference" : {
        "reference" : "CoverageEligibilityRequest/eligibility-request-004"
      },
      "name" : "eligibility-request-004",
      "exampleCanonical" : "https://dhin.org/2025Connectathon/StructureDefinition/ng-eligibility-request"
    },
    {
      "extension" : [{
        "url" : "http://hl7.org/fhir/tools/StructureDefinition/resource-information",
        "valueString" : "CoverageEligibilityResponse"
      }],
      "reference" : {
        "reference" : "CoverageEligibilityResponse/eligibility-response-004"
      },
      "name" : "eligibility-response-004",
      "exampleCanonical" : "https://dhin.org/2025Connectathon/StructureDefinition/ng-eligibility-response"
    },
    {
      "extension" : [{
        "url" : "http://hl7.org/fhir/tools/StructureDefinition/resource-information",
        "valueString" : "Encounter"
      }],
      "reference" : {
        "reference" : "Encounter/encounter-001"
      },
      "name" : "encounter-001",
      "exampleCanonical" : "https://dhin.org/2025Connectathon/StructureDefinition/ng-claim-encounter"
    },
    {
      "extension" : [{
        "url" : "http://hl7.org/fhir/tools/StructureDefinition/resource-information",
        "valueString" : "Encounter"
      }],
      "reference" : {
        "reference" : "Encounter/encounter-003"
      },
      "name" : "encounter-003",
      "exampleCanonical" : "https://dhin.org/2025Connectathon/StructureDefinition/ng-claim-encounter"
    },
    {
      "extension" : [{
        "url" : "http://hl7.org/fhir/tools/StructureDefinition/resource-information",
        "valueString" : "Bundle"
      }],
      "reference" : {
        "reference" : "Bundle/HMOToInsurerBundleExample"
      },
      "name" : "Example: HMO to Insurer Claim Submission Bundle",
      "description" : "An example bundle from an HMO to an insurer containing submitted claims and associated resources.",
      "exampleCanonical" : "https://dhin.org/2025Connectathon/StructureDefinition/ng-bundle-hmo-to-insurer"
    },
    {
      "extension" : [{
        "url" : "http://hl7.org/fhir/tools/StructureDefinition/resource-information",
        "valueString" : "Bundle"
      }],
      "reference" : {
        "reference" : "Bundle/HospitalToHMOClaimBundle"
      },
      "name" : "Example: Hospital to HMO Claim Bundle",
      "description" : "An example bundle submitted from a hospital to an HMO for reimbursement.",
      "exampleCanonical" : "https://dhin.org/2025Connectathon/StructureDefinition/ng-bundle-hospital-to-hmo"
    },
    {
      "extension" : [{
        "url" : "http://hl7.org/fhir/tools/StructureDefinition/resource-information",
        "valueString" : "Bundle"
      }],
      "reference" : {
        "reference" : "Bundle/PatientToHospitalBundleExample"
      },
      "name" : "Example: Patient to Hospital Interaction Bundle",
      "description" : "An example bundle representing a patient registration and clinical encounter at a hospital.",
      "exampleCanonical" : "https://dhin.org/2025Connectathon/StructureDefinition/ng-bundle-patient-to-hospital"
    },
    {
      "extension" : [{
        "url" : "http://hl7.org/fhir/tools/StructureDefinition/resource-information",
        "valueString" : "Bundle"
      }],
      "reference" : {
        "reference" : "Bundle/PatientToInsurerBundleExample"
      },
      "name" : "Example: Patient to Insurer Eligibility Check Bundle",
      "description" : "An example bundle representing a patient-initiated eligibility request to an insurer.",
      "exampleCanonical" : "https://dhin.org/2025Connectathon/StructureDefinition/ng-bundle-patient-to-insurer"
    },
    {
      "extension" : [{
        "url" : "http://hl7.org/fhir/tools/StructureDefinition/resource-information",
        "valueString" : "Invoice"
      }],
      "reference" : {
        "reference" : "Invoice/invoice-001"
      },
      "name" : "invoice-001",
      "exampleCanonical" : "https://dhin.org/2025Connectathon/StructureDefinition/ng-claim-invoice"
    },
    {
      "extension" : [{
        "url" : "http://hl7.org/fhir/tools/StructureDefinition/resource-information",
        "valueString" : "Invoice"
      }],
      "reference" : {
        "reference" : "Invoice/invoice-003"
      },
      "name" : "invoice-003",
      "exampleCanonical" : "https://dhin.org/2025Connectathon/StructureDefinition/ng-claim-invoice"
    },
    {
      "extension" : [{
        "url" : "http://hl7.org/fhir/tools/StructureDefinition/resource-information",
        "valueString" : "StructureDefinition:resource"
      }],
      "reference" : {
        "reference" : "StructureDefinition/ng-imm-organization"
      },
      "name" : "NG Organization",
      "description" : "An organization profile representing healthcare facilities responsible for health services or other types of organizations.",
      "exampleBoolean" : false
    },
    {
      "extension" : [{
        "url" : "http://hl7.org/fhir/tools/StructureDefinition/resource-information",
        "valueString" : "StructureDefinition:resource"
      }],
      "reference" : {
        "reference" : "StructureDefinition/NgPatient"
      },
      "name" : "NG Patient",
      "description" : "Nigeria Patient Profile",
      "exampleBoolean" : false
    },
    {
      "extension" : [{
        "url" : "http://hl7.org/fhir/tools/StructureDefinition/resource-information",
        "valueString" : "StructureDefinition:resource"
      }],
      "reference" : {
        "reference" : "StructureDefinition/NgPractitioner"
      },
      "name" : "NG Practitioner",
      "description" : "Profile for a Nigerian Practitioner",
      "exampleBoolean" : false
    },
    {
      "extension" : [{
        "url" : "http://hl7.org/fhir/tools/StructureDefinition/resource-information",
        "valueString" : "StructureDefinition:resource"
      }],
      "reference" : {
        "reference" : "StructureDefinition/ng-claim-practitionerrole"
      },
      "name" : "NG PractitionerRole",
      "description" : "A profile for defining the role of a practitioner within a claims-processing organization.",
      "exampleBoolean" : false
    },
    {
      "extension" : [{
        "url" : "http://hl7.org/fhir/tools/StructureDefinition/resource-information",
        "valueString" : "StructureDefinition:resource"
      }],
      "reference" : {
        "reference" : "StructureDefinition/ng-claim-procedure"
      },
      "name" : "NG Procedure",
      "description" : "A profile for clinical procedures tied to a submitted claim.",
      "exampleBoolean" : false
    },
    {
      "extension" : [{
        "url" : "http://hl7.org/fhir/tools/StructureDefinition/resource-information",
        "valueString" : "StructureDefinition:resource"
      }],
      "reference" : {
        "reference" : "StructureDefinition/ng-claim"
      },
      "name" : "NG-Claim",
      "description" : "A profile representing submitted claims from providers to payers.",
      "exampleBoolean" : false
    },
    {
      "extension" : [{
        "url" : "http://hl7.org/fhir/tools/StructureDefinition/resource-information",
        "valueString" : "StructureDefinition:resource"
      }],
      "reference" : {
        "reference" : "StructureDefinition/ng-claim-coverage"
      },
      "name" : "NG-Claim Coverage",
      "description" : "A profile capturing a patient's insurance coverage details.",
      "exampleBoolean" : false
    },
    {
      "extension" : [{
        "url" : "http://hl7.org/fhir/tools/StructureDefinition/resource-information",
        "valueString" : "StructureDefinition:resource"
      }],
      "reference" : {
        "reference" : "StructureDefinition/ng-claim-encounter"
      },
      "name" : "NG-Claim Encounter",
      "description" : "A profile representing patient encounters related to claims.",
      "exampleBoolean" : false
    },
    {
      "extension" : [{
        "url" : "http://hl7.org/fhir/tools/StructureDefinition/resource-information",
        "valueString" : "StructureDefinition:resource"
      }],
      "reference" : {
        "reference" : "StructureDefinition/ng-claim-invoice"
      },
      "name" : "NG-Claim Invoice",
      "description" : "A profile for invoices generated by providers for reimbursement.",
      "exampleBoolean" : false
    },
    {
      "extension" : [{
        "url" : "http://hl7.org/fhir/tools/StructureDefinition/resource-information",
        "valueString" : "StructureDefinition:resource"
      }],
      "reference" : {
        "reference" : "StructureDefinition/ng-claim-observation"
      },
      "name" : "NG-Claim Observation",
      "description" : "A profile representing clinical or diagnostic findings used in claims.",
      "exampleBoolean" : false
    },
    {
      "extension" : [{
        "url" : "http://hl7.org/fhir/tools/StructureDefinition/resource-information",
        "valueString" : "StructureDefinition:resource"
      }],
      "reference" : {
        "reference" : "StructureDefinition/ng-claim-task"
      },
      "name" : "NG-Claim Task",
      "description" : "A profile for workflow and task management in insurance processing.",
      "exampleBoolean" : false
    },
    {
      "extension" : [{
        "url" : "http://hl7.org/fhir/tools/StructureDefinition/resource-information",
        "valueString" : "StructureDefinition:resource"
      }],
      "reference" : {
        "reference" : "StructureDefinition/ng-claimresponse"
      },
      "name" : "NG-ClaimResponse",
      "description" : "A profile representing responses from insurers regarding submitted claims.",
      "exampleBoolean" : false
    },
    {
      "extension" : [{
        "url" : "http://hl7.org/fhir/tools/StructureDefinition/resource-information",
        "valueString" : "StructureDefinition:resource"
      }],
      "reference" : {
        "reference" : "StructureDefinition/ng-eligibility-request"
      },
      "name" : "NG-CoverageEligibilityRequest",
      "description" : "A profile for checking patient's eligibility for insurance services.",
      "exampleBoolean" : false
    },
    {
      "extension" : [{
        "url" : "http://hl7.org/fhir/tools/StructureDefinition/resource-information",
        "valueString" : "StructureDefinition:resource"
      }],
      "reference" : {
        "reference" : "StructureDefinition/ng-eligibility-response"
      },
      "name" : "NG-CoverageEligibilityResponse",
      "description" : "A profile for the insurer’s response to an eligibility check.",
      "exampleBoolean" : false
    },
    {
      "extension" : [{
        "url" : "http://hl7.org/fhir/tools/StructureDefinition/resource-information",
        "valueString" : "StructureDefinition:resource"
      }],
      "reference" : {
        "reference" : "StructureDefinition/ng-explanationofbenefit"
      },
      "name" : "NG-ExplanationOfBenefit",
      "description" : "A profile detailing adjudicated claim results.",
      "exampleBoolean" : false
    },
    {
      "extension" : [{
        "url" : "http://hl7.org/fhir/tools/StructureDefinition/resource-information",
        "valueString" : "CodeSystem"
      }],
      "reference" : {
        "reference" : "CodeSystem/nigeria-wards"
      },
      "name" : "NG-Imm Administrative Wards CS",
      "description" : "This CodeSystem defines ward codes and names mapped to their respective Local Government Areas (LGAs) in Nigeria.",
      "exampleBoolean" : false
    },
    {
      "extension" : [{
        "url" : "http://hl7.org/fhir/tools/StructureDefinition/resource-information",
        "valueString" : "CodeSystem"
      }],
      "reference" : {
        "reference" : "CodeSystem/nigeria-facility-type"
      },
      "name" : "NG-Imm Facility Type CS",
      "description" : "A standardized classification system used to describe the type or level of health facility within a healthcare delivery system, based on the scope of services provided, staffing, infrastructure, and administrative role.",
      "exampleBoolean" : false
    },
    {
      "extension" : [{
        "url" : "http://hl7.org/fhir/tools/StructureDefinition/resource-information",
        "valueString" : "CodeSystem"
      }],
      "reference" : {
        "reference" : "CodeSystem/nigeria-gender"
      },
      "name" : "NG-Imm Gender CS",
      "description" : "The administrative gender of a person.",
      "exampleBoolean" : false
    },
    {
      "extension" : [{
        "url" : "http://hl7.org/fhir/tools/StructureDefinition/resource-information",
        "valueString" : "ValueSet"
      }],
      "reference" : {
        "reference" : "ValueSet/nigeria-gender"
      },
      "name" : "NG-Imm Gender or Sex VS",
      "description" : "Subset of HL7 administrative-gender limited to 'male' and 'female'.",
      "exampleBoolean" : false
    },
    {
      "extension" : [{
        "url" : "http://hl7.org/fhir/tools/StructureDefinition/resource-information",
        "valueString" : "ValueSet"
      }],
      "reference" : {
        "reference" : "ValueSet/nigeria-facility-types"
      },
      "name" : "NG-Imm HealthFacility Type VS",
      "description" : "Classification of Nigerian health facilities",
      "exampleBoolean" : false
    },
    {
      "extension" : [{
        "url" : "http://hl7.org/fhir/tools/StructureDefinition/resource-information",
        "valueString" : "ValueSet"
      }],
      "reference" : {
        "reference" : "ValueSet/nigeria-languages"
      },
      "name" : "NG-Imm Languages VS",
      "description" : "The Patient's preferred language for communication.",
      "exampleBoolean" : false
    },
    {
      "extension" : [{
        "url" : "http://hl7.org/fhir/tools/StructureDefinition/resource-information",
        "valueString" : "CodeSystem"
      }],
      "reference" : {
        "reference" : "CodeSystem/nigeria-lgas"
      },
      "name" : "NG-Imm LGAs in Nigeria CS",
      "description" : "This CodeSystem defines LGA codes and names mapped to their respective States in Nigeria.",
      "exampleBoolean" : false
    },
    {
      "extension" : [{
        "url" : "http://hl7.org/fhir/tools/StructureDefinition/resource-information",
        "valueString" : "ValueSet"
      }],
      "reference" : {
        "reference" : "ValueSet/nigeria-lgas"
      },
      "name" : "NG-Imm LGAs VS",
      "description" : "The administrative Local Government Areas where a person or a facility is.",
      "exampleBoolean" : false
    },
    {
      "extension" : [{
        "url" : "http://hl7.org/fhir/tools/StructureDefinition/resource-information",
        "valueString" : "ValueSet"
      }],
      "reference" : {
        "reference" : "ValueSet/nigeria-location-owner"
      },
      "name" : "NG-Imm Location Owner",
      "description" : "The owner of an Immunization location",
      "exampleBoolean" : false
    },
    {
      "extension" : [{
        "url" : "http://hl7.org/fhir/tools/StructureDefinition/resource-information",
        "valueString" : "CodeSystem"
      }],
      "reference" : {
        "reference" : "CodeSystem/nigeria-location-owner-cs"
      },
      "name" : "NG-Imm Location Owner CS",
      "description" : "This CodeSystem defines Immunization Location Owner.",
      "exampleBoolean" : false
    },
    {
      "extension" : [{
        "url" : "http://hl7.org/fhir/tools/StructureDefinition/resource-information",
        "valueString" : "CodeSystem"
      }],
      "reference" : {
        "reference" : "CodeSystem/nigeria-states"
      },
      "name" : "NG-Imm States in Nigeria CS",
      "description" : "This CodeSystem defines ward codes and names mapped to their respective States in Nigeria.",
      "exampleBoolean" : false
    },
    {
      "extension" : [{
        "url" : "http://hl7.org/fhir/tools/StructureDefinition/resource-information",
        "valueString" : "ValueSet"
      }],
      "reference" : {
        "reference" : "ValueSet/nigeria-states"
      },
      "name" : "NG-Imm States VS",
      "description" : "The state where a person or a facility is.",
      "exampleBoolean" : false
    },
    {
      "extension" : [{
        "url" : "http://hl7.org/fhir/tools/StructureDefinition/resource-information",
        "valueString" : "ValueSet"
      }],
      "reference" : {
        "reference" : "ValueSet/nigeria-wards"
      },
      "name" : "NG-Imm Wards VS",
      "description" : "The administrative Ward (within an LGA) where a person or a facility is.",
      "exampleBoolean" : false
    },
    {
      "extension" : [{
        "url" : "http://hl7.org/fhir/tools/StructureDefinition/resource-information",
        "valueString" : "CodeSystem"
      }],
      "reference" : {
        "reference" : "CodeSystem/nigeria-languages"
      },
      "name" : "NG‑Imm Languages in Nigeria CS",
      "description" : "This CodeSystem defines codes for major languages spoken across Nigeria.",
      "exampleBoolean" : false
    },
    {
      "extension" : [{
        "url" : "http://hl7.org/fhir/tools/StructureDefinition/resource-information",
        "valueString" : "Observation"
      }],
      "reference" : {
        "reference" : "Observation/observation-001"
      },
      "name" : "observation-001",
      "exampleCanonical" : "https://dhin.org/2025Connectathon/StructureDefinition/ng-claim-observation"
    },
    {
      "extension" : [{
        "url" : "http://hl7.org/fhir/tools/StructureDefinition/resource-information",
        "valueString" : "Observation"
      }],
      "reference" : {
        "reference" : "Observation/observation-003"
      },
      "name" : "observation-003",
      "exampleCanonical" : "https://dhin.org/2025Connectathon/StructureDefinition/ng-claim-observation"
    },
    {
      "extension" : [{
        "url" : "http://hl7.org/fhir/tools/StructureDefinition/resource-information",
        "valueString" : "Organization"
      }],
      "reference" : {
        "reference" : "Organization/org-hmo"
      },
      "name" : "org-hmo",
      "exampleCanonical" : "https://dhin.org/2025Connectathon/StructureDefinition/ng-imm-organization"
    },
    {
      "extension" : [{
        "url" : "http://hl7.org/fhir/tools/StructureDefinition/resource-information",
        "valueString" : "Organization"
      }],
      "reference" : {
        "reference" : "Organization/org-hmo-2"
      },
      "name" : "org-hmo-2",
      "exampleCanonical" : "https://dhin.org/2025Connectathon/StructureDefinition/ng-imm-organization"
    },
    {
      "extension" : [{
        "url" : "http://hl7.org/fhir/tools/StructureDefinition/resource-information",
        "valueString" : "Organization"
      }],
      "reference" : {
        "reference" : "Organization/org-hospital"
      },
      "name" : "org-hospital",
      "exampleCanonical" : "https://dhin.org/2025Connectathon/StructureDefinition/ng-imm-organization"
    },
    {
      "extension" : [{
        "url" : "http://hl7.org/fhir/tools/StructureDefinition/resource-information",
        "valueString" : "Organization"
      }],
      "reference" : {
        "reference" : "Organization/org-hospital-2"
      },
      "name" : "org-hospital-2",
      "exampleCanonical" : "https://dhin.org/2025Connectathon/StructureDefinition/ng-imm-organization"
    },
    {
      "extension" : [{
        "url" : "http://hl7.org/fhir/tools/StructureDefinition/resource-information",
        "valueString" : "Organization"
      }],
      "reference" : {
        "reference" : "Organization/org-insurer-2"
      },
      "name" : "org-insurer-2",
      "exampleCanonical" : "https://dhin.org/2025Connectathon/StructureDefinition/ng-imm-organization"
    },
    {
      "extension" : [{
        "url" : "http://hl7.org/fhir/tools/StructureDefinition/resource-information",
        "valueString" : "Organization"
      }],
      "reference" : {
        "reference" : "Organization/org-insurer-4"
      },
      "name" : "org-insurer-4",
      "exampleCanonical" : "https://dhin.org/2025Connectathon/StructureDefinition/ng-imm-organization"
    },
    {
      "extension" : [{
        "url" : "http://hl7.org/fhir/tools/StructureDefinition/resource-information",
        "valueString" : "Patient"
      }],
      "reference" : {
        "reference" : "Patient/patient-001"
      },
      "name" : "patient-001",
      "exampleCanonical" : "https://dhin.org/2025Connectathon/StructureDefinition/NgPatient"
    },
    {
      "extension" : [{
        "url" : "http://hl7.org/fhir/tools/StructureDefinition/resource-information",
        "valueString" : "Patient"
      }],
      "reference" : {
        "reference" : "Patient/patient-002"
      },
      "name" : "patient-002",
      "exampleCanonical" : "https://dhin.org/2025Connectathon/StructureDefinition/NgPatient"
    },
    {
      "extension" : [{
        "url" : "http://hl7.org/fhir/tools/StructureDefinition/resource-information",
        "valueString" : "Patient"
      }],
      "reference" : {
        "reference" : "Patient/patient-003"
      },
      "name" : "patient-003",
      "exampleCanonical" : "https://dhin.org/2025Connectathon/StructureDefinition/NgPatient"
    },
    {
      "extension" : [{
        "url" : "http://hl7.org/fhir/tools/StructureDefinition/resource-information",
        "valueString" : "Patient"
      }],
      "reference" : {
        "reference" : "Patient/patient-004"
      },
      "name" : "patient-004",
      "exampleCanonical" : "https://dhin.org/2025Connectathon/StructureDefinition/NgPatient"
    },
    {
      "extension" : [{
        "url" : "http://hl7.org/fhir/tools/StructureDefinition/resource-information",
        "valueString" : "Practitioner"
      }],
      "reference" : {
        "reference" : "Practitioner/practitioner-001"
      },
      "name" : "practitioner-001",
      "exampleCanonical" : "https://dhin.org/2025Connectathon/StructureDefinition/NgPractitioner"
    },
    {
      "extension" : [{
        "url" : "http://hl7.org/fhir/tools/StructureDefinition/resource-information",
        "valueString" : "Practitioner"
      }],
      "reference" : {
        "reference" : "Practitioner/practitioner-003"
      },
      "name" : "practitioner-003",
      "exampleCanonical" : "https://dhin.org/2025Connectathon/StructureDefinition/NgPractitioner"
    },
    {
      "extension" : [{
        "url" : "http://hl7.org/fhir/tools/StructureDefinition/resource-information",
        "valueString" : "Procedure"
      }],
      "reference" : {
        "reference" : "Procedure/procedure-001"
      },
      "name" : "procedure-001",
      "exampleCanonical" : "https://dhin.org/2025Connectathon/StructureDefinition/ng-claim-procedure"
    },
    {
      "extension" : [{
        "url" : "http://hl7.org/fhir/tools/StructureDefinition/resource-information",
        "valueString" : "Procedure"
      }],
      "reference" : {
        "reference" : "Procedure/procedure-003"
      },
      "name" : "procedure-003",
      "exampleCanonical" : "https://dhin.org/2025Connectathon/StructureDefinition/ng-claim-procedure"
    },
    {
      "extension" : [{
        "url" : "http://hl7.org/fhir/tools/StructureDefinition/resource-information",
        "valueString" : "ServiceRequest"
      }],
      "reference" : {
        "reference" : "ServiceRequest/service-request-003"
      },
      "name" : "service-request-003",
      "exampleBoolean" : true
    },
    {
      "extension" : [{
        "url" : "http://hl7.org/fhir/tools/StructureDefinition/resource-information",
        "valueString" : "Task"
      }],
      "reference" : {
        "reference" : "Task/task-claim-review"
      },
      "name" : "task-claim-review",
      "description" : "Please review this claim for adjudication",
      "exampleCanonical" : "https://dhin.org/2025Connectathon/StructureDefinition/ng-claim-task"
    }],
    "page" : {
      "extension" : [{
        "url" : "http://hl7.org/fhir/tools/StructureDefinition/ig-page-name",
        "valueUrl" : "toc.html"
      }],
      "nameUrl" : "toc.html",
      "title" : "Table of Contents",
      "generation" : "html",
      "page" : [{
        "extension" : [{
          "url" : "http://hl7.org/fhir/tools/StructureDefinition/ig-page-name",
          "valueUrl" : "index.html"
        }],
        "nameUrl" : "index.html",
        "title" : "Home",
        "generation" : "markdown"
      }]
    },
    "parameter" : [{
      "code" : "path-resource",
      "value" : "input/capabilities"
    },
    {
      "code" : "path-resource",
      "value" : "input/examples"
    },
    {
      "code" : "path-resource",
      "value" : "input/extensions"
    },
    {
      "code" : "path-resource",
      "value" : "input/models"
    },
    {
      "code" : "path-resource",
      "value" : "input/operations"
    },
    {
      "code" : "path-resource",
      "value" : "input/profiles"
    },
    {
      "code" : "path-resource",
      "value" : "input/resources"
    },
    {
      "code" : "path-resource",
      "value" : "input/vocabulary"
    },
    {
      "code" : "path-resource",
      "value" : "input/maps"
    },
    {
      "code" : "path-resource",
      "value" : "input/testing"
    },
    {
      "code" : "path-resource",
      "value" : "input/history"
    },
    {
      "code" : "path-resource",
      "value" : "fsh-generated/resources"
    },
    {
      "code" : "path-pages",
      "value" : "template/config"
    },
    {
      "code" : "path-pages",
      "value" : "input/images"
    },
    {
      "code" : "path-tx-cache",
      "value" : "input-cache/txcache"
    }]
  }
}