{
  "resourceType" : "Organization",
  "id" : "org-insurer-2",
  "meta" : {
    "profile" : ["https://dhin.org/2025Connectathon/StructureDefinition/ng-imm-organization"]
  },
  "text" : {
    "status" : "generated",
    "div" : "<div xmlns=\"http://www.w3.org/1999/xhtml\"><p class=\"res-header-id\"><b>Generated Narrative: Organization org-insurer-2</b></p><a name=\"org-insurer-2\"> </a><a name=\"hcorg-insurer-2\"> </a><div style=\"display: inline-block; background-color: #d9e0e7; padding: 6px; margin: 4px; border: 1px solid #8da1b4; border-radius: 5px; line-height: 60%\"><p style=\"margin-bottom: 0px\"/><p style=\"margin-bottom: 0px\">Profile: <a href=\"StructureDefinition-ng-imm-organization.html\">NG Organization</a></p></div><p><b>identifier</b>: <code>https://nhia.gov.ng</code>/INS789</p><p><b>type</b>: <span title=\"Codes:\">ins</span></p><p><b>name</b>: SecureHealth Insurance Ltd</p><p><b>address</b>: Plot 7 Abuja Crescent Maitama FCT </p></div>"
  },
  "identifier" : [{
    "system" : "https://nhia.gov.ng",
    "value" : "INS789"
  }],
  "type" : [{
    "coding" : [{
      "code" : "ins"
    }]
  }],
  "name" : "SecureHealth Insurance Ltd",
  "address" : [{
    "line" : ["Plot 7 Abuja Crescent"],
    "city" : "Maitama",
    "district" : "bwari",
    "state" : "FCT"
  }]
}