{
  "resourceType" : "Practitioner",
  "id" : "practitioner-001",
  "meta" : {
    "profile" : ["https://dhin.org/2025Connectathon/StructureDefinition/NgPractitioner"]
  },
  "text" : {
    "status" : "generated",
    "div" : "<div xmlns=\"http://www.w3.org/1999/xhtml\"><p class=\"res-header-id\"><b>Generated Narrative: Practitioner practitioner-001</b></p><a name=\"practitioner-001\"> </a><a name=\"hcpractitioner-001\"> </a><div style=\"display: inline-block; background-color: #d9e0e7; padding: 6px; margin: 4px; border: 1px solid #8da1b4; border-radius: 5px; line-height: 60%\"><p style=\"margin-bottom: 0px\"/><p style=\"margin-bottom: 0px\">Profile: <a href=\"StructureDefinition-NgPractitioner.html\">NG Practitioner</a></p></div><p><b>identifier</b>: <code>https://mdcn.gov.ng</code>/MDCN56789</p><p><b>name</b>: Fati Okafor </p></div>"
  },
  "identifier" : [{
    "system" : "https://mdcn.gov.ng",
    "value" : "MDCN56789"
  }],
  "name" : [{
    "family" : "Okafor",
    "given" : ["Fati"]
  }]
}