{
  "resourceType" : "ValueSet",
  "id" : "nigeria-gender",
  "text" : {
    "status" : "generated",
    "div" : "<div xmlns=\"http://www.w3.org/1999/xhtml\"><p class=\"res-header-id\"><b>Generated Narrative: ValueSet nigeria-gender</b></p><a name=\"nigeria-gender\"> </a><a name=\"hcnigeria-gender\"> </a><ul><li>Include all codes defined in <a href=\"CodeSystem-nigeria-gender.html\"><code>https://dhin.org/2025Connectathon/CodeSystem/nigeria-gender</code></a></li></ul></div>"
  },
  "url" : "https://dhin.org/2025Connectathon/ValueSet/nigeria-gender",
  "version" : "0.1.0",
  "name" : "NGGenderVS",
  "title" : "NG-Imm Gender or Sex VS",
  "status" : "draft",
  "date" : "2025-08-02T14:19:18+01:00",
  "publisher" : "https://www.dhin-hie.org",
  "contact" : [{
    "name" : "https://www.dhin-hie.org",
    "telecom" : [{
      "system" : "url",
      "value" : "https://www.dhin-hie.org/IGs"
    },
    {
      "system" : "email",
      "value" : "info@dhin-hie.org"
    }]
  },
  {
    "name" : "Digital Health Interoperability Network (DHIN).",
    "telecom" : [{
      "system" : "email",
      "value" : "info@dhin-hie.org",
      "use" : "work"
    }]
  }],
  "description" : "Subset of HL7 administrative-gender limited to 'male' and 'female'.",
  "jurisdiction" : [{
    "coding" : [{
      "system" : "urn:iso:std:iso:3166",
      "code" : "NG",
      "display" : "Nigeria"
    }]
  }],
  "compose" : {
    "include" : [{
      "system" : "https://dhin.org/2025Connectathon/CodeSystem/nigeria-gender"
    }]
  }
}