{
  "resourceType" : "Claim",
  "id" : "claim-002",
  "meta" : {
    "profile" : ["https://dhin.org/2025Connectathon/StructureDefinition/ng-claim"]
  },
  "text" : {
    "status" : "generated",
    "div" : "<div xmlns=\"http://www.w3.org/1999/xhtml\"><p class=\"res-header-id\"><b>Generated Narrative: Claim claim-002</b></p><a name=\"claim-002\"> </a><a name=\"hcclaim-002\"> </a><div style=\"display: inline-block; background-color: #d9e0e7; padding: 6px; margin: 4px; border: 1px solid #8da1b4; border-radius: 5px; line-height: 60%\"><p style=\"margin-bottom: 0px\"/><p style=\"margin-bottom: 0px\">Profile: <a href=\"StructureDefinition-ng-claim.html\">NG-Claim</a></p></div><p><b>status</b>: Active</p><p><b>type</b>: <span title=\"Codes:{http://terminology.hl7.org/CodeSystem/claim-type institutional}\">Institutional</span></p><p><b>use</b>: Claim</p><p><b>patient</b>: <a href=\"Bundle-HMOToInsurerBundleExample.html#urn-uuid-patient-002\">Bundle: type = collection; timestamp = 2025-08-01 09:00:00+0100</a></p><p><b>created</b>: 2025-07-31</p><p><b>provider</b>: <a href=\"Bundle-HMOToInsurerBundleExample.html#urn-uuid-org-hmo\">Bundle: type = collection; timestamp = 2025-08-01 09:00:00+0100</a></p><p><b>priority</b>: <span title=\"Codes:\">high</span></p><h3>Insurances</h3><table class=\"grid\"><tr><td style=\"display: none\">-</td><td><b>Sequence</b></td><td><b>Focal</b></td><td><b>Coverage</b></td></tr><tr><td style=\"display: none\">*</td><td>666</td><td>false</td><td><code>NgClaimCoverage/coverage-002</code></td></tr></table><h3>Items</h3><table class=\"grid\"><tr><td style=\"display: none\">-</td><td><b>Sequence</b></td><td><b>ProductOrService</b></td></tr><tr><td style=\"display: none\">*</td><td>1</td><td><span title=\"Codes:\">99214</span></td></tr></table></div>"
  },
  "status" : "active",
  "type" : {
    "coding" : [{
      "system" : "http://terminology.hl7.org/CodeSystem/claim-type",
      "code" : "institutional"
    }]
  },
  "use" : "claim",
  "patient" : {
    "reference" : "urn:uuid:patient-002"
  },
  "created" : "2025-07-31",
  "provider" : {
    "reference" : "urn:uuid:org-hmo"
  },
  "priority" : {
    "coding" : [{
      "code" : "high"
    }]
  },
  "insurance" : [{
    "sequence" : 666,
    "focal" : false,
    "coverage" : {
      "reference" : "NgClaimCoverage/coverage-002"
    }
  }],
  "item" : [{
    "sequence" : 1,
    "productOrService" : {
      "coding" : [{
        "code" : "99214"
      }]
    }
  }]
}