{
  "resourceType" : "Coverage",
  "id" : "coverage-002",
  "meta" : {
    "profile" : ["https://dhin.org/2025Connectathon/StructureDefinition/ng-claim-coverage"]
  },
  "text" : {
    "status" : "generated",
    "div" : "<div xmlns=\"http://www.w3.org/1999/xhtml\"><p class=\"res-header-id\"><b>Generated Narrative: Coverage coverage-002</b></p><a name=\"coverage-002\"> </a><a name=\"hccoverage-002\"> </a><div style=\"display: inline-block; background-color: #d9e0e7; padding: 6px; margin: 4px; border: 1px solid #8da1b4; border-radius: 5px; line-height: 60%\"><p style=\"margin-bottom: 0px\"/><p style=\"margin-bottom: 0px\">Profile: <a href=\"StructureDefinition-ng-claim-coverage.html\">NG-Claim Coverage</a></p></div><p><b>status</b>: Active</p><p><b>type</b>: <span title=\"Codes:\">basic</span></p><p><b>beneficiary</b>: <a href=\"Bundle-HMOToInsurerBundleExample.html#urn-uuid-patient-002\">Bundle: type = collection; timestamp = 2025-08-01 09:00:00+0100</a></p><p><b>payor</b>: <a href=\"Bundle-HMOToInsurerBundleExample.html#urn-uuid-org-insurer\">Bundle: type = collection; timestamp = 2025-08-01 09:00:00+0100</a></p></div>"
  },
  "status" : "active",
  "type" : {
    "coding" : [{
      "code" : "basic"
    }]
  },
  "beneficiary" : {
    "reference" : "urn:uuid:patient-002"
  },
  "payor" : [{
    "reference" : "urn:uuid:org-insurer"
  }]
}