{
  "resourceType" : "Encounter",
  "id" : "encounter-003",
  "meta" : {
    "profile" : ["https://dhin.org/2025Connectathon/StructureDefinition/ng-claim-encounter"]
  },
  "text" : {
    "status" : "generated",
    "div" : "<div xmlns=\"http://www.w3.org/1999/xhtml\"><p class=\"res-header-id\"><b>Generated Narrative: Encounter encounter-003</b></p><a name=\"encounter-003\"> </a><a name=\"hcencounter-003\"> </a><div style=\"display: inline-block; background-color: #d9e0e7; padding: 6px; margin: 4px; border: 1px solid #8da1b4; border-radius: 5px; line-height: 60%\"><p style=\"margin-bottom: 0px\"/><p style=\"margin-bottom: 0px\">Profile: <a href=\"StructureDefinition-ng-claim-encounter.html\">NG-Claim Encounter</a></p></div><p><b>status</b>: In Progress</p><p><b>class</b>: [not stated] AMB: AMB</p><p><b>subject</b>: <a href=\"Bundle-PatientToHospitalBundleExample.html#urn-uuid-patient-003\">Bundle: type = collection; timestamp = 2025-08-02 10:15:00+0100</a></p><p><b>period</b>: 2025-08-02 09:00:00+0100 --&gt; (ongoing)</p></div>"
  },
  "status" : "in-progress",
  "class" : {
    "code" : "AMB"
  },
  "subject" : {
    "reference" : "urn:uuid:patient-003"
  },
  "period" : {
    "start" : "2025-08-02T09:00:00+01:00"
  }
}