{
  "resourceType" : "Observation",
  "id" : "observation-001",
  "meta" : {
    "profile" : ["https://dhin.org/2025Connectathon/StructureDefinition/ng-claim-observation"]
  },
  "text" : {
    "status" : "generated",
    "div" : "<div xmlns=\"http://www.w3.org/1999/xhtml\"><p class=\"res-header-id\"><b>Generated Narrative: Observation observation-001</b></p><a name=\"observation-001\"> </a><a name=\"hcobservation-001\"> </a><div style=\"display: inline-block; background-color: #d9e0e7; padding: 6px; margin: 4px; border: 1px solid #8da1b4; border-radius: 5px; line-height: 60%\"><p style=\"margin-bottom: 0px\"/><p style=\"margin-bottom: 0px\">Profile: <a href=\"StructureDefinition-ng-claim-observation.html\">NG-Claim Observation</a></p></div><p><b>status</b>: Final</p><p><b>code</b>: <span title=\"Codes:\">Hemoglobin</span></p><p><b>subject</b>: <a href=\"Bundle-HospitalToHMOClaimBundle.html#urn-uuid-patient-001\">Bundle: type = collection; timestamp = 2025-07-30 08:00:00+0100</a></p><p><b>effective</b>: 2025-07-27 10:40:00+0100</p><p><b>value</b>: 13.2 g/dL</p></div>"
  },
  "status" : "final",
  "code" : {
    "text" : "Hemoglobin"
  },
  "subject" : {
    "reference" : "urn:uuid:patient-001"
  },
  "effectiveDateTime" : "2025-07-27T10:40:00+01:00",
  "valueQuantity" : {
    "value" : 13.2,
    "unit" : "g/dL"
  }
}