{
  "resourceType" : "Organization",
  "id" : "org-hospital-2",
  "meta" : {
    "profile" : ["https://dhin.org/2025Connectathon/StructureDefinition/ng-imm-organization"]
  },
  "text" : {
    "status" : "generated",
    "div" : "<div xmlns=\"http://www.w3.org/1999/xhtml\"><p class=\"res-header-id\"><b>Generated Narrative: Organization org-hospital-2</b></p><a name=\"org-hospital-2\"> </a><a name=\"hcorg-hospital-2\"> </a><div style=\"display: inline-block; background-color: #d9e0e7; padding: 6px; margin: 4px; border: 1px solid #8da1b4; border-radius: 5px; line-height: 60%\"><p style=\"margin-bottom: 0px\"/><p style=\"margin-bottom: 0px\">Profile: <a href=\"StructureDefinition-ng-imm-organization.html\">NG Organization</a></p></div><p><b>identifier</b>: <code>https://herfama.lagos.ng</code>/HF123</p><p><b>type</b>: <span title=\"Codes:\">prov</span></p><p><b>name</b>: St. Raphael Hospital</p><p><b>address</b>: 22 Raymond Street Ikeja Lagos </p></div>"
  },
  "identifier" : [{
    "system" : "https://herfama.lagos.ng",
    "value" : "HF123"
  }],
  "type" : [{
    "coding" : [{
      "code" : "prov"
    }]
  }],
  "name" : "St. Raphael Hospital",
  "address" : [{
    "line" : ["22 Raymond Street"],
    "city" : "Ikeja",
    "district" : "ikeja",
    "state" : "Lagos"
  }]
}