{
  "resourceType" : "Patient",
  "id" : "patient-002",
  "meta" : {
    "lastUpdated" : "2024-06-30T14:36:00+01:00",
    "profile" : ["https://dhin.org/2025Connectathon/StructureDefinition/NgPatient"]
  },
  "text" : {
    "status" : "generated",
    "div" : "<div xmlns=\"http://www.w3.org/1999/xhtml\"><p class=\"res-header-id\"><b>Generated Narrative: Patient patient-002</b></p><a name=\"patient-002\"> </a><a name=\"hcpatient-002\"> </a><div style=\"display: inline-block; background-color: #d9e0e7; padding: 6px; margin: 4px; border: 1px solid #8da1b4; border-radius: 5px; line-height: 60%\"><p style=\"margin-bottom: 0px\">Last updated: 2024-06-30 14:36:00+0100</p><p style=\"margin-bottom: 0px\">Profile: <a href=\"StructureDefinition-NgPatient.html\">NG Patient</a></p></div><p style=\"border: 1px #661aff solid; background-color: #e6e6ff; padding: 10px;\">Chinyere Okoro  Female, DoB: 1990-03-15 ( https://nimc.gov.ng#NIN99887766)</p><hr/></div>"
  },
  "identifier" : [{
    "system" : "https://nimc.gov.ng",
    "value" : "NIN99887766"
  }],
  "name" : [{
    "family" : "Okoro",
    "given" : ["Chinyere"]
  }],
  "gender" : "female",
  "birthDate" : "1990-03-15"
}